-- phpMyAdmin SQL Dump
-- version 5.2.1
-- https://www.phpmyadmin.net/
--
-- Host: 127.0.0.11
-- Generation Time: Dec 13, 2024 at 03:53 AM
-- Server version: 10.11.10-MariaDB
-- PHP Version: 7.2.34

SET SQL_MODE = "NO_AUTO_VALUE_ON_ZERO";
START TRANSACTION;
SET time_zone = "+00:00";


/*!40101 SET @OLD_CHARACTER_SET_CLIENT=@@CHARACTER_SET_CLIENT */;
/*!40101 SET @OLD_CHARACTER_SET_RESULTS=@@CHARACTER_SET_RESULTS */;
/*!40101 SET @OLD_COLLATION_CONNECTION=@@COLLATION_CONNECTION */;
/*!40101 SET NAMES utf8mb4 */;

--
-- Database: `u299560388_651224`
--

-- --------------------------------------------------------

--
-- Table structure for table `books`
--

CREATE TABLE `books` (
  `book_id` int(11) NOT NULL,
  `title` varchar(255) NOT NULL,
  `author` varchar(255) NOT NULL,
  `description` text DEFAULT NULL,
  `image` varchar(255) DEFAULT NULL,
  `category_id` int(11) DEFAULT NULL
) ENGINE=InnoDB DEFAULT CHARSET=utf8mb4 COLLATE=utf8mb4_unicode_ci;

--
-- Dumping data for table `books`
--

INSERT INTO `books` (`book_id`, `title`, `author`, `description`, `image`, `category_id`) VALUES
(27, 'ทหารลับแห่งเบนกาซี', ' Mitchell Zuckoff (มิตเชลล์ ซัคคอฟฟ์)', 'ในคืนวันที่ 11 กันยายน 2012 ที่ทำการทูตพิเศษกระทรวงต่างประเทศของสหรัฐอเมริกา และสถานีซีไอเอที่เรียกว่า \"แอนเน็กซ์\" ในเบนกาซี ประเทศลิเบีย โดยผู้ก่อการร้ายโจมตี ผู้ปฏิบัติการพิเศษ 6 นาย เสียสละตนเอง หาญกล้าต้านสู้กับการระดมบุกเข้ามาไม่ขาดสาย หนังสือ \"13 ชม. ทหารลับแห่งเบนกาซี\" เล่มนี้ เป็นคำบอกเล่าที่ส่งตรงมาจากสนามรบ จากวีรบุรุษลับแห่งเบนกาซี ผู้สัมผัสประสบการณ์เปื้อนเลือดและมีความทรงจำเพลิงเผาไหม้เกรียม จากเรื่องราวที่เกิดขึ้นจริงในห้วง 13 ชั่วโมงบีบหัวใจ!', 'action aven1.jpg', 1),
(28, 'เข้าป่าหาชีวิต : Into The Wild ', 'Jon Krakauer (จอน คราคาวเออร์)', '    พบกับเรื่องราวเปี่ยมเสน่ห์แห่งอุดมคติ จินตนาการ และด้านมืดของประสบการณ์ในถิ่นรกร้าง นวนิยายอิงชีวประวัติ \"คริส แม็คแคนด์เลส\" เด็กหนุ่มหัวรั้น ชายหนุ่มผู้เอาจริงเอาจัง และยึดมั่นในอุดมคตินิยมอันแน่วแน่ \"อุดมคติ\" ทำให้เขาตัดสินใจละทิ้งทรัพย์สมบัติ และเริ่มออกเดินทาง \"ไม่มีความสุขใดยิ่งใหญ่กว่าการได้มองเส้นขอบฟ้าเปลี่ยนแปลงไปอย่างไม่มีที่สิ้นสุด และการได้เห็นดวงอาทิตย์ดวงใหม่ไม่ซ้ำกันในแต่ละวัน\" ', 'action aven2.jpg', 1),
(29, 'ถ้ำทะมึน ชุด อยากให้เรื่องนี้ไม่มีโชคร้าย ', 'Lemony Snicket (เลโมนี สนิกเก็ต)', '\"ถ้ำทะมึน ชุด อยากให้เรื่องนี้ไม่มีโชคร้าย เล่ม 11\" เมื่อพวกเด็ก ๆ ได้รับมอบหมายให้ปฏิบัติภารกิจสำคัญ นั่นคือ ค้นหากระปุกน้ำตาลให้เจอ แต่ภารกิจครั้งนี้ไม่ใช่เรื่องง่าย พวกเขาต้องเผชิญหน้ากับเคาต์โอลาฟ ที่มาพร้อมกับเสียงหัวเราะแบบใหม่ และบรรดาพรรคพวกน่าขยะแขยงที่ตามไปฮุปสมบัติถึงใต้ทะเล นอกจากนี้พวกเด็ก ๆ ยังต้องเจอกับเรือดำน้ำปลาหมึกยักษ์ ความเชี่ยวกรากและความหนาวเย็นของน้ำที่ไมมีแผนที่ รวมถึงเห็ดพิษที่ทำให้ตายภายในหนึ่งชั่วโมง และเด็กโบดแลร์คนหนึ่งก็ถูกพิษด้วย ความโชคร้ายไม่เคยลังเลที่จะเข้ามาครอบงำพี่น้องตระกูลโบดแลร์เลย ไม่ว่าพวกเขาจะอยู่ที่ไหนก็ตาม มาคราวนี้พวกเขาจะรอดพ้นจากสิ่งที่ต้องเผชิญและรอดพ้นจากความโชคร้ายได้หรือไม่ เชิญเด็ก ๆ ร่วมลุ้นและเอาใจช่วยพวกเขาพร้อมกันได้แล้วในเล่ม', 'action aven3.jpg', 1),
(30, 'แบดเจอร์กับการผจญภัยอันยิ่งใหญ่ ', 'Suzanne Chiew (ซูแซนน์ ชูว์)', 'จิ้บ จิ๊บ! มีนกน้อยสามตัวพลัดหลงจากฝูง และนกที่เด็กที่สุดได้รับบาดเจ็บที่ปีก! \"แบดเจอร์\" ผู้ชาญฉลาดสร้างเครื่องบิน และเริ่มการเดินทางอันน่าตื่นเต้นกับเพื่อน ๆ แต่พวกเขาจะบินเร็วพอที่จะตามนกตัวอื่น ๆ ทันหรือเปล่านะ...เรื่องราวของมิตรภาพ ความกล้าหาญ และการกลับมาพบกันอย่างมีความสุข', 'action aven4.jpg', 1),
(31, 'มหาสงครามแห่งแร็ดช์ : Ancillary Justice', 'แทนไท ประเสริฐกุล', 'ยุคที่ \"จักรวรรดิแร็ดช์\" เรืองอำนาจ ยานรบอวกาศคืออาวุธที่แสนยานุภาพเกรียงไกรที่สุด มันบุกเข้ายึดครองดินแดนทั่วจักรวาล โดยกองกำลัง \"แอนซิลลารี\" ที่มีร่างเป็นมนุษย์ แต่ถูกชักใยโดยปัญญาประดิษฐ์ และถูกล้างสมองให้โจมตีไม่เลือกหน้า ทว่าเมื่อยานถูกโจมตีจนเละเป็นจุณ แอนซิลลารีเกือบทั้งหมดก็ถูกทำลายสิ้น เหลือรอดเพียงแค่ \"เบร็ก\" เท่านั้น!', 'action aven5.jpg', 1),
(32, 'The Changeling Sea', 'Patricia A. McKillip', 'ทะเลพรากทุกสิ่งอันเป็นที่รักไปจาก \"เพริ\" เธอจึงตัดสินใจแก้แค้น นับตั้งแต่วันที่เรือหาปลาของพ่อกลับมาโดยไร้เงาของเขา แม่ของ \"เพริวิงเคิล\" ก็เอาแต่ทอดสายตาเหม่อมองทะเล เฝ้าฝันถึงอาณาจักรใต้ระลอกคลื่น เมื่อเพริไม่อาจควบคุมความรู้สึกตัวเองได้อีกต่อไป ทั้งยังหวังให้แม่กลับมาเป็นเหมือนเดิม เธอจึงใช้เวทมนตร์ที่รู้แค่งู ๆ ปลา ๆ สาปแช่งทะเล แล้วมนตร์คาถานั้นก็นำโอรสที่ถูกสลับตัวของพระราชา คนหนึ่งอยู่บนบก คนหนึ่งอยู่ในน้ำ จอมเวทหนุ่ม และสุดท้าย ความรักที่ทะเลขโมยไปจากเธอ เข้ามาสู่ชีวิตอันหมองหม่นของเธอ...', 'action aven6.jpg', 1),
(33, 'ผจญภัยในสุสาน', 'Neil Gaiman (นีล เกแมน)', '\"โนบอดี้ โอเวนส์\" หรือ \"บ๊อด\" เป็นเด็กผู้ชายธรรมดาคนหนึ่ง ชีวิตเขาจะธรรมดามาก ๆ ถ้าเขาไม่ได้มีชีวิตอยู่ในสุสาน ถูกเลี้ยงดูมาโดยผู้ที่อยู่ในสุสาน ซึ่งมีทั้งเหล่าภูตผี และผู้ที่ไม่ใช่ทั้งคนเป็นและคนตาย ดูเหมือนว่ามีการผจญภัยและอันตรายมากมายในสุสาน แต่ที่จริงแล้ว อันตรายที่แท้จริงอยู่ในดินแดนของผู้ที่ยังมีชีวิต เพราะที่นั่นมีชายผู้หนึ่งชื่อว่าแจ็ค ผู้เปลี่ยนแปลงชีวิตของบ๊อดไปตลอดกาล', 'action aven7.jpg', 1),
(34, 'มรดกลับใต้ทะเลลึก', ' Rick Riordan (ริก ไรออร์แดน)', '    \"ฮาร์ดิง-เพนครอฟต์อะคาเดมี\" คือโรงเรียนเฉพาะทางวิทยาศาสตร์ทางทะเลที่ดีที่สุด เคยส่งออกบุคลากรทรงคุณภาพสู่องค์กรชั้นนำระดับโลกมาแล้วจากรุ่นสู่รุ่น \"อานา ดักการ์\" เป็นนักเรียนชั้นปีหนึ่ง...และจะเลื่อนเป็นปีสองในอีกไม่ช้าไม่นาน ขอเพียงผ่านการทดสอบช่วงสุดสัปดาห์นี้ไปได้ นั่นควรจะเป็นเรื่องเดียวในช่วงเวลานี้ที่อานาต้องกังวล เพียงแต่หายนะมักมาเยือนโดยปราศจากสัญญาณเตือน ด้วยการโจมตีเดียวของศัตรู ทุกสิ่งในชีวิตเธอก็กลับตาลปัตร การทดสอบที่นักเรียนปีหนึ่งตั้งตารอคอยแปรเปลี่ยนเป็นโมงยามแห่งความเป็นจริง', 'action aven8.jpg', 1),
(35, 'ยูโทเปีย : มหานครในฝัน', 'Sir Thomas More (เซอร์โธมัส มอร์)', '    ยูโทเปีย...เมืองที่มีแต่ความดีงาม ความยุติธรรม บ้านเมืองน่าอยู่ เป็นระเบียบเรียบร้อย มีประชากรที่เป็นมิตร เป็นเสมือนสังคมในอุดมคติของใครหลาย ๆ คน ทั้งด้านการปกครอง กฎหมาย การจัดระเบียบทางสังคม ทุกอย่างล้วนถูกกำหนดกฎเกณฑ์ไว้อย่างมีระเบียบแบบแผน ขนาดที่เรียกได้ว่า \"สมบูรณ์แบบ\" หากแต่ไม่มีใครรู้ตำแหน่งที่ตั้งของ \"ยูโทเปีย\" หรือเคยเดินทางเข้าไป ณ เมืองแห่งนี้เลย มีเพียงแต่คำบอกเล่าที่ได้ยินได้ฟังกันมาเท่านั้น ยกเว้นเสียแต่ \"ราฟาเอล\" นักปราชญ์สูงวัยผู้รักการเดินทาง ผู้ซึ่งเคยได้ไปเยือนเมืองยูโทเปียและเคยได้อาศัยอยู่ที่นั่นมาก่อน', 'action aven9.jpg', 1),
(36, 'The Farthest Shore', 'Ursula K. Le Guin', '    ความมืดกำลังเข้าปกคลุมดินแดนเอิร์ธซีและเหล่าพ่อมด กำลังสูญเสียเวทมนต์ไป เก๊ด สแปร์โรว์ฮอว์ก จอมเวท พ่อมด และเจ้ามังกรแห่งเอิร์ธซี จึงต้องออกเดินทางไกล เพื่อหาต้นเหตุของความเปลี่ยนแปลงอันยิ่งใหญ่นี้ เขาต้องเดินทางไปยังสุดขอบมหาสมุทร ไกลแสนไกลผ่านไปถึงแม้กระทั่งดินแดนต้องห้ามแห่งความตาย เพื่อจะนำเวทมนต์กลับมาสู่เอิร์ธซีอีกครั้ง!', 'action aven10.jpg', 1),
(37, 'King Golf', 'Rui Tsukiyo (รุย สึกิโยะ)', '\"ยูได\" นั้นเรียกได้ว่าเป็นอาวุธลับของ \"จิบะ\" เลยทีเดียว โดยสำแดงส่วนเสี้ยวของอัจฉริยภาพกันให้เห็น ส่วนคู่หูของโซสุเกะ มัตสึมารุนั้น ก็ได้เลือกตัวเลือกแสนพลิกล็อคเข้า...!?', 'anime manga1.jpg', 2),
(38, 'การ์ตูน Made in Abyss ผ่าเหวนรก ', 'Akihito Tsukushi (อากิฮิโตะ สึคุชิ)', '\"ริโค่\"  \"เร็ก\" และ \"นานาจิ\" ได้มุ่งสู่ก้นบึ้งหลุมยักษ์ \"อะบิส\" ภายหลังสิ้นสุดการต่อสู้อันดุเดือด พวกเขาก็สามารถปราบศัตรูตัวฉกาจอย่าง \"บอนดรูว์\" ได้สำเร็จ...', 'anime manga2.jpg', 2),
(39, 'Jagaaaaaaan คลั่งล้างคลั่ง ', 'Munequki Kaneshiro', '    บทใหม่ ภาคหน่วยรบพิเศษ \"ไคจิน\" เปิดฉาก!! เพื่อหยุดยั้งจิฮารุศัตรูคู่แค้น \"จิกาซาคิ\" จึงเข้าหน่วย S.K.A.T. (หน่วยพิเศษวิเคราะห์ไคจิน)! ต่อสู้กับไคจินที่เกิดอาการบ้าคลั่งและฝึกพิเศษอย่างหนักเพื่อทลายขีดจำกัดภายใต้การสั่งการของหัวหน้าหน่วย \"มิคาสึจิ\" ผู้มีร่างกายแข็งแกร่งระดับเหนือเพชร! นอกจากนั้น ไคจินชีวิตทุกข์ทน ที่ยึดร่างของนักศึกษาสาวชีวิตสุขสันต์ ก็เจอเรื่องรัก ๆ ใคร่ ๆ ในแชร์เฮ้าส์!? ดาร์กฮีโร่แห่งความปรารถนาและการทำลาย เล่ม 6 อันบ้าคลั่งสุดขีด!!\r\nสารบัญ\r\n', 'anime manga3.jpg', 2),
(40, 'Skip and Loafer จังหวะวัยรุ่น ', 'Misaki Takamatsu', '    \"อิวาคุระ มิตสึมิ\" สาวน้อยแสนเปิ่นผู้เดินทางไกลมายังโตเกียว ตอนที่เริ่มชีวิตม.ปลาย งานวัฒนธรรมของโรงเรียนก็ใกล้เข้ามา ทั้งละครเวทีของห้อง แถมยังต้องช่วยงานสภานักเรียนจนหัวหมุน แต่ทุกคนก็ทุ่มเทให้งานนี้กันอย่างสุดกำลัง นี่คือเรื่องราวของเหล่าวัยรุ่น ที่ถึงมีเรื่องว้าวุ่นแต่ก็อบอุ่นหัวใจ!', 'anime manga4.jpg', 2),
(41, 'บันทึกสงครามโรเมเลีย ', 'Ursula K. Le Guin', 'ทุกคนมัวแต่เฉลิมฉลองกับชัยชนะ มีเพียงเธอเท่านั้นที่ตระหนักถึงปัญหาที่กำลังจะตามมา \"โรเมเลีย\" จึงให้ความรู้และ \"พลัง\" อันเล็กน้อยที่ตัวเองมี พัฒนาคน สร้างเมือง และสร้างกองทัพขึ้น!!', 'anime manga5.jpg', 2),
(42, 'มหาเวทย์ผนึกมาร ', 'Gege Akutami', '    \"โกะโจ\" พ่ายแพ้... \"คาชิโมะ\" จึงกระโดดเข้าฟาดฟันกับ \"คุสุนะ\" ต่อ โดยมีเวลาให้โศกสลดกับการสูญเสียก่อนหน้าไม่มากนัก! คาชิโมะใช้วิธีปลดปล่อยอาคม ซึ่งถือเป็นเทคนิคที่ต้องเอาชีวิตเข้าเสี่ยง ทว่าระหว่างนั้นสุคุนะเองก็เปลี่ยนร่างโดยสมบูรณ์จากการอวตาร...!? ขณะที่ศึกสุคุนะดำเนินอยู่ ศิลปินนาม \"ทาคาบะ\" กำลังวางหมากชิงชัยแบบตัวต่อตัวกับ \"เคนจาคุ\" ณ อีกด้านหนึ่ง!!?', 'anime manga6.jpg', 2),
(43, 'สร้างเมืองกันเถอะค่ะ! ', 'Ursula K. Le Guin', 'หลังจากเอาตัวรอดจาก \"สงคราม\" นั้นมาได้ \"โพรเคล\" ก็เริ่ม \"สร้างเมือง\" ซึ่งเปี่ยมไปด้วยรอยยิ้มและความหวัง เรื่องราวแฟนตาซีของการผจญภัย การพลัดพราก และการสร้างดันเจี้ยน มาถึงเล่มที่ 2 แล้ว', 'anime manga7.jpg', 2),
(44, 'การสร้างฮาเร็มในต่างโลก ', 'การสร้างฮาเร็มในต่างโลก ', '    ตำแหน่งเจ้าสาวคนถัดไป พี่สาวซัคคิวบัสจากซาดิสม์!!!!? \"โอร์ค\" ที่มุ่งหน้าไปยังอาณาจักรแห่งใหม่ เพื่อตามหาเจ้าสาวคนถัดไป หลังจากรับ \"รูริเน่\" เข้ามาอยู่ในฮาเร็มได้สำเร็จ สิ่งที่รอเขาอยู่ที่นั่นคือ \"ลิลิธ ซัคคิวบัส\" อดีตจตุรเทพ ผู้รับใช้ราชาปีศาจ ที่อยู่ ๆ ก็รุกใส่กันอย่างหนักหน่วง แต่โอร์คกลับมีเหตุผลอันซับซ้อน ที่ทำให้ไม่สามารถตอบรับความรู้สึกของเธอได้…!?', 'anime manga8.jpg', 2),
(45, 'อายากะจังรักรุ่นพี่ฮิโรโกะนะคะ ', ' Sal Jiang', '    รักระทึกใจในออฟฟิศของรุ่นน้องน่ารักxรุ่นพี่น่าปลื้ม\r\n\r\nอายากะจังหลงรักรุ่นพี่ฮิโรโกะซึ่งทำงานที่เดียวกันแบบสุดหัวใจ ส่วนรุ่นพี่ฮิโรโกะที่ชอบผู้หญิงนั้นก็โดนอายากะจังทอดสะพานอย่างร้อนแรงให้ทุกวันจนใจเต้นไม่เป็นสุข!!\r\n', 'anime manga9.jpg', 2),
(46, 'สุดยอดมือสังหาร อวตารมาต่างโลก ', 'Patricia A. McKillip', 'หลังสังหารเผ่ามารที่ปลอมตัวเป็น \"พระสันตะปาปา\" ของศาสนาโลก \"ลูก์\" ได้รับการยกย่องเป็นวีรบุรุษ ขณะเดียวกัน เผ่ามารงูมีนาที่วางแผนจะขึ้นเป็นจอมมารก็ใช้ประโยชน์จากความริษยาในใจของ \"นอยช์ เกฟิส\" สั่งให้เขาสังหารประชาชนจำนวนมากเพื่อสร้าง \"ผลแห่งชีวิต\" ', 'anime manga10.jpg', 2),
(47, 'Joke หมายเหตุ', 'รวมนักเขียน ขายหัวเราะ', '    เปิดที่มาโจ๊กหมายเหตุ! หากพูดถึง \"จดหมายเหตุ\" เราอาจนึกถึงการบันทึกเรื่องราวความเป็นมาและเหตุการณ์ต่าง ๆ เพื่อใช้อ้างอิงในอนาคต แต่ถ้าการบันทึกเรื่องราวเหล่านั้น ไม่ได้ใช้วิธีจดหรือเขียนด้วยข้อความ แต่บันทึกไว้ด้วยการ์ตูนแก๊กขำขันเช่นที่ \"ขายหัวเราะ\" ทำมาตลอด 50 ปี คงไม่อาจเรียกสิ่งนี้ว่า จดหมายเหตุที่เหมาะแก่การใช้อ้างอิงเรื่องราวที่เคยเกิดขึ้นในอดีต แต่ขอเรียกการบันทึกในรูปแบบของเราว่า \"โจ๊กหมายเหตุ\" ก็แล้วกัน', 'Comedy1.jpg', 4),
(49, 'สถานการณ์ฉิบหายขั้นสุด', 'Joshua Piven, David Borgenicht', 'เนื้อหาโดยสังเขป\r\n    ชีวิตเรามีทั้งวันที่ดี วันที่แย่ รวมถึงวันที่ชีวิตพลิกผันไปสู่สถานการณ์ฉิบหายขั้นสุด มันอาจเป็นวันที่คุณ...\r\n\r\n    - โดนทรายดูด\r\n    - ขับรถตกแม่น้ำ\r\n    - ปล้ำกับจระเข้\r\n    - เป็นเหยื่อไซเบอร์บูลลี่\r\n    - โดนโจรโรคจิตฝังทั้งเป็น\r\n    - ทำไอโฟนแฟนหล่นชักโครก\r\n    - ดิ่งพสุธาแล้วร่มชูชีพไม่กาง\r\n    - หนีตายจากระเบิดนิวเคลียร์\r\n', 'Comedy2.jpg', 4),
(50, 'เพราะแมวแฟรงกี้ ', 'Jochen Gutsch', '    \"ริชาร์ด โกลด์\" มีแผนสำหรับทุกอย่างจนถึงรายละเอียดขั้นสุดท้าย จะต้องไม่มีอะไรผิดพลาด วันนี้เป็นวันที่เขาจะปลิดชีพตัวเอง หรือไม่ก็อะไรที่ใกล้เคียงอย่างนั้น แต่กลับเกิดสิ่งที่โกลด์ไม่คิดขึ้น เมื่อความพยายามในการฆ่าตัวตายครั้งนี้ ทำให้เขาได้เพื่อนร่วมบ้านที่ชื่อว่า \"แฟรงกี้\" มาแทน แฟรงกี้ผู้ไม่จ่ายค่าเช่า ทำให้เขาตื่นตลอดทั้งคืน ปลุกเขาในตอนเช้า และพูดจาเชือดเฉือนจิตใจ พวกเขาค่อย ๆ กลายเป็นเพื่อนกันอย่างช้า ๆ และในเวลานี้ โกลด์ก็ต้องการมีเพื่อนมากกว่าสิ่งใด...เรื่องราวอันน่าประทับใจและตลกขบขันเกี่ยวกับมิตรภาพที่ไม่ธรรมดา และการกลับมามีชีวิตอีกครั้งกำลังจะเริ่มต้นขึ้นแล้ว!', 'Comedy4.jpg', 4),
(51, 'เมนูคนบาป ', ' Jean Teule (ฌอง เติลเล่)', '\"เมนูคนบาป (จานโปรดสำหรับคนใจร้าย)\" นวนิยายชิ้นเล็ก ๆ แสนบาดลึก ฝีมือนักเขียนคนดังขวัญใจชาวฝรั่งเศส \"ฌอง เติลเล่\" เป็นเรื่องราวของ \"อแลง เดอ โมเนส\" ชายหนุ่มผู้โชคร้ายซึ่งเดินทางไปยังเมืองโอตฟายเพื่อชมงานประจำปี ในช่วงเวลาที่ฝรั่งเศสกำลังทำสงครามกับรัสเซีย ท่ามกลางความหวาดกลัวภัยสงครามและความโกรธแค้นที่แทรกซึมอยู่ในเมืองทุกหัวระแหง อแลงถูกกล่าวหาว่าเป็นศัตรู ผู้คนในเมืองต่างพากันกลุ้มรุมทำร้ายเขาอย่างโหดเหี้ยมทารุณ โดยที่นายกเทศมนตรีของเมืองกลับดูดาย เอาหูไปนาเอาตาไปไร่เสียอย่างนั้น ทำให้ชาวเมืองต่างอิ่มหมีพีมันกันเต็มที่\r\n\r\n    \"ฌอง เติลเล่\" ยังตอกย้ำฝีไม้ลายมือของนักเขียนชั้นเยี่ยม ด้วยงานเขียนชิ้นเล็ก ๆ ที่แสนประณีตและทรงพลัง จนแทบวางไม่ลง ด้วยเนื้อหาสาระชวนคิด ภายใต้อารมณ์ขันลุ่มลึก แยบคาย ช่างเสียดสีประชดประชันอันเป็นเอกลักษณ์ คุณอาจจะต้องขำไปเจ็บไป จนอ่านจบเล่มไปอย่างไม่รู้ตัว...\r\n', 'Comedy5.jpg', 4),
(52, 'เมื่อจิตแพทย์ ขอนั่ง (สมาธิ)', 'Brendan Kelly (เบรนดัน เคลลี่)', '    สำหรับจิตแพทย์ การหาเวลานั่งเงียบ ๆ ทุกวันไม่ใช่เรื่องง่าย เมื่อคุณพยายามจัดการกับงานที่เครียด ชีวิตครอบครัวที่ยุ่งวุ่นวาย การเสพติดการดูหนัง ชอบกินเค้ก และความรู้สึกผิดในระดับต่ำเกี่ยวกับการเป็นสมาชิกยิมที่ไม่ได้ใช้', 'Comedy6.jpg', 4),
(53, 'สามเกลอ ชุดวัยหนุ่ม ', 'สามเกลอ ชุดวัยหนุ่ม เล่ม 23', '    นวนิยายอายุร่วมแปดสิบปี ที่ได้รับการยกย่องว่าเป็นหนังสือหนึ่งในร้อยเล่มที่คนไทยควรได้อ่านนี้ เป็น \"หัสนิยาย\" ซึ่งหมายถึงเรื่องที่แต่งขึ้นเพื่อความสนุกสนานเป็นสําคัญ เนื้อเรื่องแต่ละตอนจบในตัว ยกเว้นแต่ในช่วงแรกๆ และบางตอนที่เป็นการวางโครงเรื่องหลัก ฉาก และความสัมพันธ์ของตัวละครเท่านั้นที่จะมีความต่อเนื่องกัน โครงเรื่องหลักที่ว่านั้นก็ไม่มีอะไรไปกว่าเรื่องราวตลกชวนหัว และตื่นเต้นน่าติดตามของคณะมิตรสหายที่มีตัวเอกหลัก เป็นกระทาชายสามคน คือ พล พัชราภรณ์ นิกร การุณวงศ์ และกิมหงวน ไทยแท้ (เดิมในช่วงเรื่องชุด \"วัยหนุ่ม\" นั้นจะใช้นามสกุล \"ไทยเทียม\" )', 'Comedy7.jpg', 4),
(54, 'สามเกลอ ', ' ป.อินทรปาลิต', '    สามเกลอ \"พล นิกร กิมหงวน\" ของ ป.อินทรปาลิต หัสนิยายชุดนี้ คือประวัติศาสตร์มีชีวิต และเป็นประวัติศาสตร์เชิงความรู้สึก ถ่ายทอดสิ่งต่างๆ เหล่านี้เอาไว้ เช่นความรู้สึกยินดีในเสรีภาพและความเสมอภาคของประชาธิปไตย เป็น \"หนึ่งในร้อยหนังสือที่คนไทยควรอ่าน\" ', 'Comedy8.jpg', 4),
(55, 'สามเกลอ 2', 'สามเกลอ ', '\"สามเกลอ ตอนพิเศษ : ไปเที่ยวสวน ประกอบไปด้วยตอน ไปเที่ยวสวน, เดือน 12 น้ำนองตลิ่ง, สลากกินรวบ, พระลอตามแมว\" เล่มนี้ จะพานักอ่านไปเที่ยวทางน้ำสองเรื่องและพบกับเรื่องราวที่บ้าน \"พัชราภรณ์\" อีกสองเรื่อง\r\n\r\n    \"ไปเที่ยวสวน\" : คณะสี่สหายพร้อมกับเจ้าคุณปัจจนึกฯ และเจ้าแห้ว ตัดสินใจไปเที่ยวหาความรู้ด้านโบราณคดีและประวัติศาสตร์ที่พิพิธภัณฑ์สถานแห่งชาติ โดยเลือกเดินทางด้วยรถประจำทางหรือรถรางเพื่อสัมผัสความยากลำบากของผู้ที่ไม่มีรถยนต์ส่วนตัว\r\n', 'Comedy9.jpg', 4),
(56, 'สามเกลอ 3', ' ป.อินทรปาลิต', '    ผู้พิชิตเมีย...สี่สหายทะเลาะกับภรรยา เลยหนีไปอยู่บ้านใกล้ๆ เจ๊หนอม และพยายามประกอบอาชีพหาเลี้ยงตัวเอง เช่นขายก๋วยเตี๋ยว ข้าวแกง\r\n\r\n    พลังจิต...เมื่อนิกรกลายเป็นผู้วิเศษ สามารถมองเห็นอนาคตได้ ทำให้อ้ายแห้วถูกหวยแสนกว่าบาท\r\n\r\n    รางวัลเงินล้าน...บริษัทผลิตน้ำอัดลมของสี่สหายเกิดการขาดทุน จนต้องคิดโปรโมชั่นเอาฝาจุกน้ำอัดลมมาชิงรางวัล   \r\n\r\n    แม่เล้าบอลล์...เจ๊หนอมมาเช่าห้องของโรงแรมสี่สหายเพื่อจัดงานรวมแม่เล้าและหญิงให้บริการ ซึ่งคุณหญิงวาดก็จัดงานเลี้ยงในวันนั้นด้วย\r\n', 'Comedy10.jpg', 4),
(57, 'บ้านหลอนสุดท้ายที่ปลายถนน ', 'Catriona Ward (คาทริโอนา วอร์ด)', '    ในบ้านที่ประตูหน้าต่างปิดตายตรงปลายถนน มีครอบครัวหนึ่งอาศัยอยู่ด้วยกันสามคน \"เท็ด\" ชายที่นั่งดื่มเหล้าเพียงลำพัง พยายามไม่สนใจว่าความทรงจำบางส่วนของตัวเองขาดหาย \"ลอเรน\" ลูกสาวของเท็ด เด็กสาวที่ไม่มีใครได้เห็นหน้าและไม่เคยได้ออกจากบ้านหลังนี้ \"โอลิเวีย\" แมวดำแสนสวยที่ชอบงีบหลับและอ่านคัมภีร์ไบเบิล\r\n\r\n    นี่คือเรื่องของฆาตกร การลักพาตัว การแก้แค้น ความตาย และครอบครัวธรรมดาในบ้านหลังสุดท้ายที่ปลายถนน ทั้งหมดนี้คือเรื่องจริง และในขณะเดียวกันทุกสิ่งก็อาจเป็นคำลวงครั้งใหญ่ เพราะว่ายังมีอะไรบางอย่างฝังอยู่ในป่าอันมืดมิดเลยถนนเส้นนั้นออกไป แต่ไม่ว่าคุณจะทายว่าสิ่งนั้นคืออะไร เรื่องราวนี้ก็ไม่ใช่อย่างที่คุณคาดเดาไว้แน่นอน...นี่คือนิยายแห่งปีที่เต็มไปด้วยความระทึกขวัญ หลอกหลอน และหักมุมได้อย่างร้ายกาจ\r\n', 'Horror1.jpg', 6),
(58, 'ผีร้องไห้', ' นทธี ศศิวิมล', '    เมื่อความตายมาพราก สิ่งที่คงเหลืออาจไม่ได้มีเพียงความทรงจำ เมื่อคนที่จากไปยังคงมีความห่วงใย ห่วงหาให้อย่างไม่เสื่อมคลาย...เราอาจคิดว่าความตายคือจุดสุดท้ายของความสัมพันธ์ ไม่ว่าจะรัก โกรธ คิดถึง ห่วงใย เมื่อตายจากกันไปความคิด ความรู้สึกต่าง ๆ เหล่านั้นย่อมจบลง แต่ที่จริงแล้วเรื่องราวมันจะจบแค่นั้นจริง ๆ หรือ?\r\n\r\n    \"ผีร้องไห้\" เล่มนี้ รวบรวมเรื่องราวความผูกพันระหว่างคนเป็นและคนตาย ที่เชื่อมต่อกันด้วยความคิดและความรู้สึกที่แสดงให้เห็นว่า แม้ความตายจะมาพรากให้จากกัน แต่ความคิด ความห่วงหานั้นไม่ได้จบไปด้วย อาทิ ผู้หญิงเสียงเศร้า เสียงที่รัก ของโปรดของพ่อ วิญญาณในภาพถ่าย ประวัติของผู้ตาย วิญญาณในบ้านร้าง และอีกหลากหลายเรื่องราว ที่จะทำให้คุณได้เห็นว่า แท้จริงแล้วความห่วงหาอาทรของคนและผีนั้น ไม่ได้แตกต่างกันเลย...\r\n', 'Horror2.jpg', 6),
(59, 'โรงเรียนผีดุ', 'นทธี ศศิวิมล', '\"โรงเรียน\" สถานที่ในความทรงจำของใครหลาย ๆ คน ทั้งความทรงจำที่เต็มไปด้วยความสุข ความสนุกสนาน ความทรงจำที่เต็มไปด้วยความห่วงหา คิดถึง และเชื่อมโยงไปยังความทรงจำดี ๆ อื่น ๆ แต่สำหรับบางคนอาจเป็นความทรงจำอันน่าสะพรึงกลัวจนไม่อยากจะนึกถึง!\r\n\r\n    \"โรงเรียนผีดุ\" เล่มนี้ ได้นำเสนอเรื่องราวสยองขวัญที่เล่ากันปากต่อปากในรั้วโรงเรียน ไม่ว่าจะเป็นสมัยประถม มัธยม หรือมหาวิทยาลัย เพื่อพบกับตำนานความเฮี้ยน ความดุจนเลื่องชื่อของผีและวิญญาณหลากหลายตน ที่แม้จะผ่านมาถึงปัจจุบันแล้วก็อาจจะยังคงอยู่ที่เดิมไม่ไปไหน รอคอยที่จะออกมาหลอกหลอนผู้คน อาทิ เพื่อนเก่าในโรงเรียนร้าง ผีตึกเก่า ห้องกระจกในบ้านผีสิง หอพักเรืองรอง แมวสองหาง รอด้วยค่ะ ปาร์ตี้ผีด้วยแก้ว และอีกมากมาย ขอเชิญพบกับความสยองเขย่าประสาทได้แล้วภายในเล่ม!\r\n', 'Horror3.jpg', 6),
(60, 'วิญญาณครวญ', 'สรจักร ศิริบริรักษ์', '    หนังสือ \"วิญญาณครวญ\" เล่มนี้ ได้รวมเรื่องสั้น ของราชาเรื่องเขย่าขวัญไทยที่จะทำให้ทุกคนได้สัมผัสถึงความหลอนของคนและวิญญาณ จากจินตนาการสุดล้าลึกของ \"สรจักร\" เจ้าแห่งเรื่องสั้นสยองขวัญของไทย กับหนึ่งในชุด \"สองวิญญาณ\" ที่ยังคงหลอนเหนือความคาดหมาย!', 'Horror4.jpg', 6),
(61, 'ศพข้างบ้าน', ' สรจักร ศิริบริรักษ์ (สรจักร)', '    จากจินตนาการสุดล้ำลึกของ \"สรจักร\" เจ้าแห่งเรื่องสั้นสยองขวัญของไทย ทุกเรื่องราวจะหลอกหลอนนักอ่าน จนหัวใจระทึกจนยากจะลืมเลือน อาทิ ศพข้างบ้าน ฆาตกรรมข้างบ้านที่ไม่ธรรมดา เล่าในมุมนักแปลนิยายสืบสวน!, กาวสะท้านโลก เรื่องราวของบุรุษผู้ยิ่งใหญ่แต่กลับมีความลับที่ไม่มีใครล่วงรู้, สลับร่าง เหตุปล้นจี้สุดเดือดที่มีสิ่งเดิมพันเป็นชีวิต, เสียงจากอเวจี เรื่องราวของเสียงปริศนาที่หลอกหลอนทุกค่ำคืน..., แล้วสอนว่าอย่าไว้ใจในมนุษย์ ตำรวจหวังจะเกลี้ยกล่อมชายผู้อยากฆ่าตัวตาย แต่..., หลงกล การขายเกมที่ลึกลับซับซ้อนจนไม่อาจคาดเดา และอีกสิบสี่สุดยอดเรื่องสั้นอันเฉียบคม ซึ่งจะครองใจนักอ่านทุกคนที่เสพติดความระทึก!', 'Horror5.jpg', 6),
(62, 'ศพใต้เตียง', 'สรจักร', '    พบกับ 19 เรื่องสั้นหักมุมเขย่าจิต ที่จะพาเราดำดิ่งไปในสิ่งดำมืดที่มีชื่อว่ามนุษย์ จากจินตนาการสุดล้ำลึกของ \"สรจักร\" เจ้าแห่งเรื่องสั้นสยองขวัญของไทย ทุกเรื่องราวจะกรีดจิตใจนักอ่าน จนสนั่นไปทุกประสาทสัมผัส อาทิ \"ศพใต้เตียง\" เหตุฆาตกรรมกับแผนอำพรางศพสุดวิปริต, \"รถผีสิง\" เคยคิดไหมว่าทำไมรถมือสองถึงราคาถูก, \"แผนฆ่าเหนือชั้น\" การลอบฆ่าสุดซับซ้อนที่เหนือการคาดเดา, \"พลเมืองดี\" คดีวิ่งราวที่พลิกซ้ำซากจนสมองหมุน, \"ปราบเซียน\" มื้ออาหารสุดโอชะที่จะหลอกหลอนไปชั่วชีวิต, \"ย้อนเกล็ด\" ชีวิตคู่หวานแหววซึ่งจบลงด้วยค่ำคืนแห่งศพ และสุดยอดเรื่องสั้นอันคมคายอีกมากมาย ที่จะฝากฝังความหลอนอย่างยากจะลืมเลือน...', 'Horror6.jpg', 6),
(64, 'โศกนาฎกรรมกระฉ่อนโลก', 'ธนานันท์ วงศ์บางพลู', '    เหตุฆาตกรรมที่ชวนเศร้าสลดเกิดขึ้นได้แทบทุกวัน บางเหตุการณ์ชวนสยดสยอง บางเรื่องราวทำให้คิดว่ามันเกิดขึ้นจริงๆ หรือบนโลกใบนี้ น่าเห็นใจกับครอบครัวของผู้ถูกกระทำ หรือแม้แต่ตัวของผู้โดนกระทำเอง \"โศกนาฎกรรมกระฉ่อนโลก\" เล่มนี้กับเรื่องต่าง ๆ ที่ตาดไม่ถึง อาทิ ฆาตกรรมหมู่ดาราสาว ชารอน เทต และเพื่อน ๆ ถูกกระทำโดยกลุ่มสมาชิก แมนสัน แฟมิลี่ ที่มีผู้นำชื่อ ชาร์ลส แมนสัน ดาราสาวผู้นี้เธอต้องสังเวยชีวิตพร้อมลูกที่อยู่ในท้อง เกิดจากสาเหตุอะไรถ้าไม่ใช่จากน้ำมือของกลุ่มคลั่งลัทธินั่นเอง กลุ่มก่อการร้ายปาเลสไตน์สังหารหมู่นักกีฬาชาวยิว ผู้ร้ายมีกันเพียง 8 คน บุกเข้าที่พักนักกีฬาในการแข่งขันกีฬาโอลิมปิก ฤดูร้อน ที่เมืองมิวนิก ตัวประกัน 9 รายได้เสียชีวิตลงทั้งหมดจากน้ำมือของคนกลุ่มนี้', 'Horror8.jpg', 6),
(65, 'สมาชิกคนที่หลอก', 'Hara Kou (ฮาระ โค)', 'ในคืนพายุโหมกระหน่ำ เหล่าชายฉกรรจ์นังรถข้ามภูเขาฝ่าสายฝน หลังทำ \"งานชิ้นหนึ่ง\" เสร็จสิ้น และเจอเข้ากับดินถล่มซัดจนรถพลิกคว่ำ พวกพ้องคนหนึ่งจบชีวิตลงจากอุบัติเหตุครั้งนี้ ส่วนอีกห้าชีวิตที่เหลือรอด หนีเข้าไปหลบฝนในบ้านพักตากอากาศแห่งหนึ่ง ทว่าที่นั่นกลับกลายเป็นสถานที่สุดหลอน ซึ่งมีครอบครัวประหลาดคอยควบคุมบงการ ซ้ำร้าย ไม่ทันรู้ตัว ในกลุ่มก็มี \"ปีศาจ\" ปะปนเข้ามาเสียแล้ว พวกเขาต้องหาตัวจริงของปีศาจให้พบและหลบหนีไปจากที่นี่ให้ได้!', 'Horror9.jpg', 6),
(66, 'สัมผัสสยอง', ' นทธี ศศิวิมล', 'ในอีกด้านของมิติที่เราอยู่ อาจมีบางอย่างที่คาดไม่ถึง สิ่งที่จะกระตุ้นประสาทสัมผัสของเราด้วยความสยดสยอง! \"สัมผัสสยอง\" รวมเรื่องสั้นที่ผู้เขียนตั้งใจรวบรวมเรื่องหลอนแนวหักมุม ร่วมสมัย ที่ผู้อ่านทุกท่านน่าจะอ่านไปเย็นสันหลังไปอย่างมีความสุข ตื่นเต้น ระทึก และสนุก กับการคาดเดาตอนจบของแต่ละเรื่องว่าจะออกมาแบบไหน อาทิ ของพรีสุดหลอน เสียงปริศนา กลิ่นความตาย เด็กหญิงคนนั้น รักแลกรัก นักเขียนผี และอีกหลากหลายเรื่องราวชวนผวา ที่รอคุณอยู่ในเล่ม...', 'Horror10.jpg', 6),
(69, 'Alice in Wonderland ', 'Lewis Carroll, Chloe Black (โคลอี แบล็ก)', '    \"อลิซ\" ตามกระต่ายขาวเข้าไปในโพรงกระต่ายที่นำเธอไปสู่ดินแดนมหัศจรรย์ ที่นั่น อลิซได้เจอกับสิ่งต่างๆ ที่น่าพิศวง ทั้งแมวยิ้มกว้าง หนอนผีเสื้อพูดได้ แฮตเตอร์ และมาร์ชแฮร์ รวมทั้งพระราชาโพแดงและพระราชินีโพแดง หากแต่การผจญภัยที่ดูเหลือเชื่อและไกลตัวของอลิซ กลับแฝงไปด้วยข้อคิดที่ชวนให้เราได้หันมามองตัวเอง', 'fantasy1.jpg', 7),
(70, 'นิทานของบีเดิลยอดกวี', ' J.K. Rowling (เจ.เค. โรว์ลิ่ง)', '\"นิทานของบีเดิลยอดกวี\" รวบรวมเทพนิยายที่เต็มไปด้วยเวทมนตร์และกลอุบายต่าง ๆ ที่นิยมอ่านในบ้านเรือนของพ่อมดแม่มดมาหลายศตวรรษแล้ว หนังสือเล่มนี้แปลจากต้นฉบับภาษารูนโดย \"เฮอร์ไมโอนี่ เกรนเจอร์\" และมีบทวิเคราะห์เพิ่มเติมโดยศาสตราจารย์ \"อัสบัส ดัมเบิลดอร์\" ซึ่งได้รับอนุญาตอย่างใจดีจากหอจดหมายเหตุของฮอกวอตส์\r\n\r\n    รวมเทพนิยายแสนสนุก 5 เรื่อง 5 รส ที่รู้จักกันดีในโลกพ่อมดแม่มด ได้แก่ พ่อมดกับหม้อกระโดดได้, น้ำพุแห่งโชคดีทีเดียว, หัวใจขึ้นขนของผู้วิเศษ, แบ๊บบิตตี้ แร็บบิตตี้กับตอไม้หัวเราะได้ และนิทานสามพี่น้อง ครบครันด้วยเหล่าตัวละครเวทมนตร์ ที่พร้อมจะสร้างรอยยิ้ม เสียงหัวเราะ และความระทึกใจจากภยันตรายหลากชนิด ท้ายเรื่องทุกเรื่องจะมีเชิงอรรถและบทวิเคราะห์เพิ่มเติม โดย \"ศาสตราจารย์อัลบัส ดัมเบิลดอร์\" กล่าวถึงข้อคิดทางศีลธรรมที่ปรากฏอยู่ในนิทานแต่ละเรื่อง รวมไปถึงสอดแทรกเกร็ดเล็กเกร็ดน้อยจากชีวิตฮอกวอตส์ด้วย\r\n', 'fantasy2.jpg', 7),
(71, 'เพอร์ซีย์ แจ็กสัน ', 'Rick Riordan (ริก ไรออร์แดน)', '    สงครามครั้งใหญ่ระหว่างเทพโอลิมปัสกับเหล่ายักษ์ไททัน กำลังจะอุบัติขึ้นอีกครั้งในศตวรรษที่ 21 โครนอสเพียงรอเวลาให้พละกำลังฟื้นฟู และซ่องสุมกองพลเตรียมโรมรัน ค่ายฮาล์ฟบลัดในฐานะที่เป็นสถานของลูกหลานเทพจึงต้องรีบรวบรวมสมัครพรรคพวกเช่นกัน\r\n\r\n    เมื่อโกรเวอร์ค้นเจอมนุษย์กึ่งเทพสองพี่น้อง แต่ไม่สามารถพาออกมาได้ เพอร์ซีย์เลยต้องออกไปรับด้วยตนเอง ทว่านี่กลับเป็นกับดัก! กว่าจะรู้ตัวเขาก็เสียคนสำคัญให้ศัตรูไปเสียแล้ว การเดินทางหนนี้เพอร์ซีย์ต้องจับมือกับเหล่าพรานแห่งอาร์เทมีส...กลุ่มเด็กหญิงที่ตัดขาดตัวเองจากโลกภายนอกและสุดแสนจะเกลียดชังผู้ชาย...ในการออกตามหาเทพีซึ่งสาบสูญ เพื่อให้การประชุมสภาโอลิมปัสสามารถมีขึ้นได้ ตลอดจนหาตัวอสุรกายลึกลับผู้กำหนดทิศทางของสงครามให้พบ ก่อนมันจะตกไปอยู่ในมือของโครนอส และทำให้เขาทรงพลังมากกว่าเดิม เหนืออื่นใด คำพยากรณ์ที่ว่า...พวกเลือดผสมที่เกิดจากหนึ่งในสามเทพผู้ยิ่งใหญ่จะทำการตัดสินใจอันอาจนำมาซึ่งการล่มสลายของยุคแห่งเทพ...ยังเป็นสิ่งรบกวนจิตใจของเพอร์ซีย์อย่างที่สุด!\r\n', 'fantasy3.jpg', 7),
(72, 'ยุคเรืองอำนาจแห่งมังกร ', 'George R. R. Martin', '    \"ยุคเรืองอำนาจแห่งมังกร\" หนังสือรวบรวมประวัติศาสตร์ที่แสนน่าทึ่งของ \"ตระกูลทาร์แกเรียน\" สายเลือดที่กำหนดชะตากรรมของโลกแฟนตาซีในซีรีส์ Game of Thrones และ House of the Dragon พร้อมภาพประกอบชุดใหม่กว่า 180 ภาพ\r\n\r\n    ผลงานชิ้นนี้บอกเล่าเรื่องราวที่มีอยู่ใน \"อัคคี\" และ \"โลหิต\" ตั้งแต่การเดินทางของตระกูลทาร์แกเรียน หลังการล่มสลายของ \"วาลีเรีย\" จนถึงช่วงเวลาหลายร้อยปี ที่พวกเขาปกครองเวสเทอรอสจากบัลลังก์เหล็กด้วยพลังแห่งมังกร รวมไปถึงศึกการร่ายรำแห่งมังกร มหาสงครามที่อัดแน่นไปด้วยการทรยศ การรบราฆ่าฟัน พันธมิตร และการนองเลือด ภาพประกอบใหม่นำเสนอแง่มุมและสีสันแปลกตาให้กับเวสเทอรอส วาดภาพตระกูลทาร์แกเรียนและมังกรได้อย่างเหนือจินตนาการ เหมาะสำหรับแฟน ๆ ของซีรีส์ Game of Thrones และ House of the Dragon ผู้หลงใหลและกระหายในตำนานอันลุ่มลึกจากมันสมองของ \"จอร์จ อาร์. อาร์. มาร์ติน\" \r\n', 'fantasy4.jpg', 7),
(73, 'สัตว์มหัศจรรย์ ', 'J.K. Rowling', '    \"ศาสตราจารย์อัลบัส ดัมเบิลดอร์\" ล่วงรู้ถึงแผนการของ \"เกลเลิร์ต กรินเดลวัลด์\" ที่จะครองโลกเวทมนตร์ ทว่าไม่อาจหยุดเขาได้เพียงลำพัง \"นิวท์ สคามันเดอร์\" นักสัตว์วิเศษวิทยาจึงได้รับมอบหมายให้นำพากลุ่มพ่อมดแม่มด พร้อมด้วยมักเกิ้ลนักอบขนมผู้กล้าหาญ ไปฝ่าฟันภารกิจสุดอันตรายที่ต้องปะทะกับสัตว์ร้ายทั้งที่เคยพบและไม่เคยเห็น รวมถึงเหล่าผู้ติดตามกรินเดลวัลด์ที่ทวีจำนวนขึ้น เมื่อสิ่งที่ต้องแลกมีค่าสูงลิบลิ่ว ดัมเบิลดอร์จะทนลังเลไม่เข้าร่วมการต่อสู้นี้ได้อีกนานแค่ไหน', 'fantasy5.jpg', 7),
(74, 'สัตว์มหัศจรรย์และถิ่นที่อยู่', 'Newt Scamander (นิวท์ สคามันเดอร์)', '    \"สัตว์มหัศจรรย์และถิ่นที่อยู่\" หนังสือที่รวบรวมรายชื่อและลักษณะของสัตว์มหัศจรรย์ทั้งหมดที่อยู่ในโลกเวทมนตร์ ของวรรณกรรมชุด \"แฮร์รี่ พอตเตอร์\" ไว้อย่างละเอียด ตามเนื้อเรื่องในเล่ม เขียนโดย \"นิวท์ สคามันเดอร์\" นักสัตว์วิเศษวิทยา\r\n\r\n    เป็นหนังสือที่มีอยู่แทบทุกครัวเรือนของพ่อมดแม่มด และนักเรียนปีหนึ่งของโรงเรียนฮอกวอตส์ทุกคนต้องซื้อไว้สำหรับใช้ในวิชาเรียน เนื้อหาจะบอกเล่ารายละเอียดของสัตว์ต่าง ๆ อาทิ ฮิปโปกริฟฟ์ ยูนิคอร์น ฟินิกซ์ เซนทอร์ บาซิลิสก์ และอื่น ๆ อีกมากมาย รับรองได้ว่าหนังสือเล่มนี้จะช่วยให้คุณอ่านหนังสือชุด \"แฮร์รี่ พอตเตอร์\" ได้สนุกยิ่งขึ้น เพราะกว่าจะครบ 7 เล่ม แฮร์รี่ พอตเตอร์คงจะต้องเจอกับสัตว์วิเศษเหล่านี้อีกหลายตัวทีเดียว\r\n', 'fantasy6.jpg', 7),
(75, 'อลิซในแดนมหัศจรรย์ ', 'Lewis Carroll (ลูอิส แครอลล์)', '    \"อลิซ\" เป็นผู้กล้าตัวน้อย และถือว่าได้รับความนิยมอย่างสูงในประวัติศาสตร์วรรณกรรมของอังกฤษ มีนักวิชาการจำนวนนับไม่ถ้วนนั้น พยายามที่จะหาคำจำกัดความเกี่ยวกับตัวละครที่น่าสนใจในเรื่องนี้ ไม่ว่าจะเป็นตัวอลิซเอง หรือ \"ราชินีแห่งหัวใจ ทวีดเดิลดัม และทวีดเดิลดี แมวเชสเชียร์ เต่าจำแลง กระต่ายผู้บ้าคลั่ง\" ซึ่ง ตัวละครเหล่านี้มีเสน่ห์และมีความแปลกที่ชวนให้ติดตาม บทบาทของตัวละครดังกล่าวมักสอดแทรกการล้อเลียนทางภาษา โดยมีนัยล้อเลียนวรรณกรรมเยาวชนในสมัยวิคตอเรียน อีกทั้งยังสะท้อนถึงประวัติศาสตร์ของนักบวชในศาสนาคริสต์ด้วย เรื่องราวการผจญภัยของอลิซนั้นมีความน่าสนใจ และชวนให้พิศวงว่า ความหมายอันแท้จริงของสิ่งที่ลูอิส แคร์รอลสื่อออกมานั้นคืออะไร มันอาจเป็นแค่การเล่าเรื่องราวความฝัน เป็นเพียงการเล่าเทพนิยายอันพลิกคว่ำพลิกหงาย หรืออาจหมายถึงการฉายมุมมองของเด็กคนหนึ่งที่มีต่อโลกใบนี้...', 'fantasy7.jpg', 7),
(76, 'อัคคีและโลหิต 1.2', 'George R. R. Martin', '\"อัคคีและโลหิต หรือ Fire & Blood\" เล่มนี้ ผลงานของจอร์จ \"อาร์. อาร์. มาร์ติน\" เป็นเรื่องราวที่เกิดขึ้นในเวสเทอรอส 300 ปี ก่อนเหตุการณ์ ในหนังสือมหากาพย์แฟนตาซีชุดยิ่งใหญ่ของผู้เขียนคนเดียวกัน\r\n\r\n    นั่นคือ \"ชุดมหาศึกชิงบัลลังก์ หรือ A Game of Thrones\" อันลือลั่น จนถึงขณะนี้ \"จอร์จ อาร์. อาร์. มาร์ติน\" ยังเขียนสองเล่มสุดท้าย ในชุด \"มหาศึกชิงบัลลังก์\" ไม่เสร็จ แต่เพื่อสนองความต้องการของแฟน ๆ ทั่วโลกที่เฝ้ารอด้วยความกระหาย เขาจึงขอเสนอเรื่องราวในดินแดนเวสเทอรอสช่วงก่อนหน้านั้นสามศตวรรษที่สนุกเข้มข้นและตื่นเต้นเร้าใจไม่แพ้กันใน \"อัคคีและโลหิต\" นี้\r\n', 'fantasy8.jpg', 7),
(77, 'แฮร์รี่ พอตเตอร์ ', ' J.K. Rowling (เจ.เค. โรว์ลิ่ง)', '    ขณะทะยานขึ้นฟ้าในมอเตอร์ไซค์พ่วงข้างของ \"แฮกริด\" ทิ้งซอยพรีเว็ตไว้เบื้องหลังเป็นครั้งสุดท้าย \"แฮรี่ พอตเตอร์\" รู้ดีว่า \"ลอร์ดโวลเดอมอร์\" กับผู้เสพความตายอยู่ไม่ไกลแล้ว คาถาที่ปกป้องแฮร์รี่ไว้ได้ถูกทำลายลง ทว่าเขาจะเอาแต่หลบซ่อนตัวไม่ได้ เงื้อมมือแห่งความกลัวของเจ้าแห่งศาสตร์มืดแตะต้องทุกสิ่งที่แฮร์รี่รัก ทางเดียวที่จะหยุดเขาได้คือค้นหาฮอร์ครักซ์ที่เหลือให้พบแล้วทำลายเสีย สงครามครั้งสุดท้ายต้องเกิดขึ้น และแฮร์รี่ต้องยืนหยัดเผชิญหน้าศัตรูโดยตรง!', 'fantasy9.jpg', 7),
(78, 'แฮร์รี่ พอตเตอร์ ', 'J.K. Rowling', 'นี่คือเรื่องราวภาคที่แปด...สิบเก้าปีต่อมา เมื่อ \"อัลบัส พอตเตอร์\" ลูกชายคนกลางของแฮร์รี่เริ่มไปเข้าเรียนฮอกวอตส์วันแรก อะไร ๆ ไม่เป็นไปอย่างที่คิดตั้งแต่บนรถไฟ และยิ่งผิดพลาดอย่างหนักเมื่ออัลบัสสวมหมวกคัดสรร ในขณะเดียวกัน ข่าวลือเรื่องทายาทโวลเดอมอร์แพร่กระจายไปทั่วสังคมพ่อมด สร้างความหวาดกลัวว่าฝันร้ายในอดีตกำลังจะย้อนกลับมา ที่สำคัญ แผลเป็นของแฮร์รี่เกิดเจ็บขึ้นมาอีกครั้ง พร้อมกับที่ความสัมพันธ์ของเขากับลูกชายก็ย่ำแย่ลงทุกขณะ และเมื่ออัลบัส พอตเตอร์ตัดสินใจว่า บางอย่างที่พ่อทำในอดีตคือควาผิดพลาด และเขาต้องยื่นมือเข้าไปแก้ไข การผจญภัยครั้งใหม่ก็เริ่มต้นขึ้นบนเส้นทางสายเดิม เพียงแต่ครั้งนี้ทุกอย่างจะลงเอยด้วยดีหรือไม่ ทั้งสำหรับแฮร์รี่ อัลบัส และโลกเวทมนตร์!', 'fantasy10.jpg', 7),
(79, 'Not Daddy', 'พัพพุ', '    นางเอกสาวนัยน์ตาโศกนาม \"ศกุนตลา\" เคยพยายามทำทุกวิถีทางเพื่อได้เฉิดฉายในวังเก่า แสดงตนต่อหน้าอดีตท่านหญิงเจ้าของวังว่าเป็นเมียมือกีตาร์แฝดน้อง หลานของท่าน ทว่าชื่อเสียข่าวคาว อีกทั้งฉายาแม่นกอมควันก็ทำให้หญิงชราไม่อยากชายตาแล ตัว \"เผด็จเกล้า\" เองก็เป็นเสือไม่สิ้นลาย นกน้อยจึงหักใจร้างราจากรังรักเพราะความไม่ชัดเจน แล้วจู่ ๆ เขาก็ดันหวนมาทวงคืนสถานะ \"ผัว\" เพราะความจำเสื่อม แต่จำได้ว่า \"เรารักกันมาก\" กลายเป็นว่าพอหนีห่างไม่ขวนขวาย เธอกลับได้เข้าไปทดลองอยู่ก่อนแต่งกับชาววัง ก่อนจะทำพวกเขาอึ้งไปพร้อม ๆ กัน เมื่อตำแหน่ง \"ดอกเตอร์ศกุนตลา\" ถูกเปิดเผย', 'Drama1.jpg', 5),
(80, 'Queen Charlotte', 'Julia Quinn (จูเลีย ควินน์), ', 'คริสต์ศักราช 1761 ในวันอันสดใสของเดือนกันยายน องค์กษัตริย์และราชินีได้ประสบพบกันเป็นครั้งแรก และอภิเษกสมรสหลังจากนั้นเพียงไม่กี่ชั่วโมง \"ชาร์ลอตต์\" แห่งเมคเคลนบวร์ก-ชเตรลิตซ์ ผู้ถือกำเนิดในฐานะเจ้าหญิงแห่งแคว้นเยอรมันมีรูปโฉมงดงาม หัวรั้น และฉลาดเฉียบแหลม...ซึ่งไม่ใช่คุณสมบัติที่ราชสำนักอังกฤษมองหา สำหรับผู้ที่จะมาเป็นคู่สมรสของ \"พระเจ้าจอร์จ\" ที่สามผู้หนุ่มแน่น แต่ความมุ่งมั่นและความเป็นตัวของตัวเองเป็นสิ่งที่เธอจำเป็นต้องมี เพราะองค์กษัตริย์มีความลับ...ความลับที่สามารถสั่นคลอนรากฐานของราชวงศ์ได้', 'Drama2.jpg', 5),
(81, 'บังเอิญแอบรักเธอเข้าพอดี', 'วาณี', 'ทัวร์คนโดนเท... \"มาศวดี\" ถูกหลอกให้รักแล้วหักอก ทัวร์เมียนมาแพ็กเกจคู่รักเลยกลายเป็นทัวร์โดนเท จะทิ้งไปก็เสียดายเงิน จึงชวนพี่ชายไม่แท้ไปทัวร์ หวังบุญจะนำพาให้เจอรักใหม่ \"ปุริม\" จำใจไปทัวร์ฟรีกับน้องสาวไม่แท้ แลกกับช่วยเทกแคร์ไม่ให้เธอโดดแม่น้ำสะโตงฆ่าตัวตายบูชารัก เขาแค่อยากขอบคุณสิ่งศักดิ์สิทธิ์ที่ช่วยดลบันดาลให้โดนแฟนเก่าทิ้ง (?) ไม่นึกว่าท่านจะใจดีแถมโปรฯ รักใหม่ (?) ให้เขาด้วย บังเอิญเหลือเกินที่โดนเททั้งคู่ บังเอิญเหลือเกินต้องไปเมียนมา บังเอิญเหลือเกินที่รู้จักกันมาตั้งแต่เธอยังอยู่ในท้องแม่ บังเอิญแท้ ๆ ที่ไม่รู้ว่าในหัวใจมีใครแอบอยู่...', 'Drama3.jpg', 5),
(82, 'พันธนาคาเฟ่', ' ภัสรสา', '    \"พันพร่างดาว\" เห็นวิญญาณได้ นอกจากงานบรรณาธิการฟรีแลนซ์ เธอเลยมีงานพิเศษอีกงาน เรียกเล่น ๆ ว่างาน \"ปลดห่วง\" ส่วน \"ธนาธันย์\" ก็เป็นคนธรรมดาที่ไม่เชื่อเรื่องผีสางเอาเสียเลย และเขามีเหตุบังคับให้ต้องเปิดคาเฟ่เร็วกว่าที่ตั้งใจไว้ พี่สาวคนสนิทขายร้านที่พร้อมใช้งานให้ในราคาดี มีข้อแม้คือต้องให้พันพร่างดาวใช้สถานที่เพื่อ \"ปลดห่วง\" ต่อ ธนาธันย์โอเค ตราบที่คาเฟ่เขาไม่กลายเป็นคาเฟ่ต้มตุ๋น พันพร่างดาวก็โอเค แบบไม่เกี่ยวกับที่ว่าเธอแอบชอบธนาธันย์ พร้อมกันนั้นเธอก็ได้แต่ภาวนา...ขอให้ผลบุญที่ได้จากการปลดห่วง ส่งผลให้เธอคล้องห่วงรักกับธนาธันย์ได้ด้วยเถิด สาธุ!', 'Drama4.jpg', 5),
(83, 'เมื่อวานรสวานิลลาซันเด', ' นทธี ศศิวิมล', '    เขาตื่นมากลางป่าอุทยานพร้อมอาการเจ็บแปลบที่ศีรษะ ก่อนพบว่าตนไม่มีความทรงจำ รอบตัวไม่มีสิ่งใดบ่งบอกได้ว่าเขาเป็นใคร มาจากไหน มาทำอะไร ณ ที่แห่งนี้ จะมีก็แต่ \"นล\" หญิงสาวหน้าตาน่ารักที่บอกว่าเขาชื่อ \"ศรา\" ซึ่งมีสถานะเป็นคนรักของเธอ ท่ามกลางห้วงสับสนมืดมนที่หาคำตอบไม่ได้ ดูเหมือนมีสิ่งเดียวที่พอจะเป็นไฟนำทาง นั่นคือนิยายเรื่องหนึ่งที่ตัวเขาเองน่าจะพกมันติดตัวเข้ามาที่นี่ด้วยเหตุใดก็ไม่ทราบ ตัวละครเอกในหนังสือชื่อเหมือนเขากับเธอตอนนี้ไม่มีผิด\r\n\r\n', 'Drama5.jpg', 5),
(84, 'แม่ครัวตัวตึง', ' กิ่งฉัตร', '    \"อลินา\" ดาราสาวชื่อดังที่ถูกสบประมาทว่าดังได้เพราะเป็นลูกสาวของ \"อลิน\" ดาราดาวค้างฟ้าแห่งวงการ หญิงสาวจึงพยายามดิ้นรนทุกทาง เพื่อพิสูจน์ตัวเองว่าทุกสิ่งทุกอย่างเธอสร้างขึ้นด้วยตัวเอง บทเจนในภาพยนตร์ฟอร์มยักษ์จากต่างประเทศคือธงชัยที่อลินาต้องคว้ามาให้ได้ ทว่าคว้าบทยังไม่ได้...หญิงสาวกลับถูกมอบบทมือที่สามที่แสนน่าชังให้แทน คนทั้งประเทศรุมด่าประณามเธอ งานที่รับไว้หดหาย แต่ที่ร้ายสุดคือมีไอ้โม่งคอยติดตามมุ่งร้าย โชคดีมีคนเสนอบ้านอิฐแดงให้หล่อนไปกบดานเพื่อหลบปัญหา', 'Drama6.jpg', 5),
(85, 'รักหนึ่งได้ถึงสอง', ' เมญาณี', '    ด้วยความเอ็นดู เห็นใจ และผูกพันกับเด็กชายข้างบ้านเป็นทุนเดิม \"ดุจตะวัน\" จึงขออาสาเป็นยันต์กันเพื่อนล้อ รับหน้าที่มารดาแต่งตั้งให้เจ้าตัวน้อย เธอไม่ติดที่จะถูกใครมองว่ามีลูกเล็กตั้งแต่ตัวเองยังวัยกระเตาะ คนที่ไม่พอใจเห็นจะมีแต่พ่อของลูกชาย ที่ทำหน้าตึงใส่ตั้งแต่ครั้งแรกที่ได้เจอกัน เขาทั้งดุทั้งขี้บ่นจนเธอหูชา แถมจะขยับตัวทำอะไรทีก็ไม่วายถูกจับตามอง แหม ถึงจะตรงสเปกทุกกระเบียด แต่ทำตัวแบบนี้ ก็เป็นได้แค่ลุงข้างบ้านเท่านั้นละ!', 'Drama7.jpg', 5),
(86, 'วิธีเซฟใจ ', 'Nedra Glover Tawwab', 'Nedra Glover Tawwab', 'Drama8.jpg', 5),
(87, 'เส้นทางรักมิสบริดเจอร์ตัน ', 'Julia Quinn (จูเลีย ควินน์)', '    เธอมีทางเลือกสองทาง... \"จอร์เจียนา บริดเจอร์ตัน\" ไม่ได้ต่อต้านการแต่งงาน เธอแค่คิดว่าเธอควรได้ร่วมตัดสินใจด้วย แต่ชื่อเสียงของเธอถูกแขวนอยู่บนเส้นด้าย หลังจากถูกลักพาตัวโดยชายโฉดที่หวังในสินสมรสของเธอ \"จอร์จี้\" มีทางเลือกสองทางคือ ใช้ชีวิตในฐานะสาวทึนทึกไปตลอดกาล หรือยอมแต่งงานกับผู้ชายร้ายกาจที่ทำให้เธอเสื่อมเสีย\r\n\r\n    บัดนี้เธอมีทางเลือกที่สาม...ในฐานะลูกชายคนที่สี่ของ \"ท่านเอิร์ล นิโคลัส โร้กสบี\" ได้เตรียมแผนการชีวิตของตนเองไว้แล้ว เขามีความสุขดีในเอดินบะระ ที่ที่เขากำลังจะจบการศึกษาด้านการแพทย์ และเขาไม่มีเวลาหรือความสนใจจะหาภรรยา แต่เมื่อเขาได้รู้ว่าสาวน้อยเพื่อนบ้านกำลังตกที่นั่งลำบาก เขาก็รู้ว่าเขาต้องทำอะไร\r\n', 'Drama9.jpg', 5),
(88, 'หนทางไปสู่ความสุขมักเต็มไปด้วยอุปสรรค ', 'Zi Zi (จือจือ)', '    แม้ \"เสิ่นมู่ชิง\" จะยังไม่ถึงวัยที่สมควรออกเรือนดี แต่มารดาที่กำลังป่วยหนักกลับบังคับให้แต่งงานกับ \"เหลียงจี้หมิ่น\" บุรุษที่ผิวเผินแลดูเพียบพร้อมไปซะทุกอย่าง กลับมีความลับอันดำมืดซ่อนอยู่ ภรรยาเอกเช่นนางจะจมน้ำอยู่รอมร่อ ดันไปช่วยนางแพศยาเสียอย่างนั้น มารดามันเถอะ! แต่งงานไม่ทันไรก็ออกลายเสียแล้ว นางจะไม่ยอมโดนสวมหมวกเขียวแน่!', 'Drama10.jpg', 5),
(89, 'English Grammar in Use ', 'English Grammar in Use ', '    หนังสือเพื่อการฝึกฝนและเรียนรู้ด้วยตนเอง สำหรับผู้เรียนภาษาอังกฤษระดับกลาง เนื้อหาภายในเล่มมี 145 Unit แต่ละ Unit จะเน้นเนื้อหาไวยากรณ์เรื่องใดเรื่องหนึ่งโดยเฉพาะ และในแต่ละ Unit จะมี 2 หน้าคู่กัน หน้าซ้ายเป็นคำอธิบายเนื้อหาไวยากรณ์ และเสนอสถานการณ์ตัวอย่างพร้อมประโยค เพื่อช่วยให้ผู้เรียนเข้าใจความหมายและวิธีใช้ภาษา โดยใช้คำอธิบายเป็นภาษาไทยอย่างง่าย ๆ ส่วนหน้าขวาคู่กันเป็นแบบฝึกหัดสำหรับตรวจสอบความเข้าใจเนื้อหาในหน้าซ้าย ตอนท้ายเล่มมีเฉลยคำตอบ สำหรับให้ผู้เรียนตรวจคำตอบของแบบฝึกหัดได้ทันที', 'cs1.jpg', 3),
(91, 'Quick Dictionary ', 'Golden Taro Team, ชัยยง เผือกทอง', '    รวมคำศัพท์ภาษาอังกฤษที่ใช้ในชีวิตประจำวัน ใช้เรียน ใช้สอบ คัดจากหนังสือแบบเรียนกลุ่มสาระการเรียนรู้ภาษาต่างประเทศ ศัพท์เยอะ ครอบคลุม แถมเพิ่มเติมคำใหม่ที่ควรรู้ เปิดหาศัพท์ง่ายด้วยแถบสีตัวอักษรตั้งแต่ A-Z และมีตัวช่วยพิเศษในเล่มเพื่อให้พลิกหาคำง่ายขึ้น ตอบศัพท์ทันใจ เหมาะกับเด็กนักเรียนพกพาไปเปิดหาศัพท์ที่โรงเรียน ทำการบ้าน เรียนพิเศษ หรือแม้กระทั่งใช้ท่องจำศัพท์ทุกที่', 'cs3.jpg', 3),
(92, 'Tense+กริยา ', 'ทีม Life Balance', ' \"Tense + กริยา 3 ช่อง ที่คุณต้องรู้\" เพื่อช่วยเตรียมพร้อมด้านภาษาอังกฤษ โดยได้สรุปหลักที่สำคัญของ Tense ทั้ง 12 ชนิด และคำกริยา 3 ช่องกว่า 1,200 คำ พร้อมแบบฝึกหัดท้ายบทเพื่อวัดความรู้ความเข้าใจ ผู้อ่านจะสามารถเข้าใจหลักการใช้ Tense + กริยา 3 ช่อง และสนุกสนานไปกับการเรียนภาษาอังกฤษ เพื่อช่วยเตรียมความพร้อมให้กับการใช้ในชีวิตประจำวัน การเรียน การสอบ การทำงาน รวมทั้งเตรียมการเพื่อเข้าสู่ประชาคมอาเซียนที่กำลังจะมาถึงในเวลาอันใกล้นี้', 'cs4.jpg', 3),
(93, 'ตะลุยโจทย์ Error 500 ข้อ', 'รศ.ดร. ศุภวัฒน์ พุกเจริญ', 'รวมสุดยอดแนวข้อสอบครบทุกประเด็น พร้อมเฉลยและคำอธิบายอย่างละเอียด รู้ใจ GAT O-NET CU-TEP CU-AAT TU-GET SMART-I และสอบตรงทุกสนาม', 'cs5.jpg', 3),
(94, 'ตารางฝึกคัดอักษรจีน', ' กองบรรณาธิการเอ็มไอเอส', '    รวมแบบฝึกหัด ตารางฝึกคัดอักษรจีน ขนาดเล็ก พกพาสะดวก นำติดตัวไปฝึกคัดได้ทุกที่ ฝึกคัดทุวันให้จำได้ขึ้นใจ ฝึกคัดเพียงวันละ 1 หน้า ก็เก่งได้!', 'cs6.jpg', 3),
(95, 'ตารางฝึกคัดอักษรญี่ปุ่น', 'กองบรรณาธิการเอ็มไอเอส', '    ตารางฝึกคัดอักษรญี่ปุ่น ใช้คัดอักษรญีปุ่นได้ทั้งฮิรางานะ คาตาคานะ และคันจิ ขนาดเล็ก พกพาสะดวก นำติดตัวไปฝึกคัดได้ทุกที ฝึคัดทุกวันให้จำได้ขึ้นใจ ฝึกคัดเพียงวันละ 1 หน้าก็เก่งได้', 'cs7.jpg', 3),
(96, 'ถอดรหัส', 'รศ.ดร. ศุภวัฒน์ พุกเจริญ', 'รวมแนวข้อสอบภาษาอังกฤษมากถึง 300 ข้อ สำหรับเตรียมสอบ GAT O-NET TOEIC   CU-AAT TU-GET SMART-I อย่างมั่นใจ โดยมีเฉลยอย่างละเอียด เข้าใจง่าย เผยทุกเคล็ดลับที่คุณต้องรู้ พร้อมสรุป GRAMMAR อย่างกระชับ หลากหลาย เพื่อการทำข้อสอบให้รวดเร็วและแม่นยำ', 'cs8.jpg', 3),
(97, 'พจนานุกรมอังกฤษ-ไทย ', ' ศ.ดร. วิทย์ เที่ยงบูรณธรรม', 'พจนานุกรมอังกฤษ-ไทย ฉบับกระเป๋า (ปรับปรุง) ได้รวบรวมศัพท์ภาษาอังกฤษ โดยเฉพาะศัพท์สามัญ (commonly used woeds) ซี่งเป็นศัพท์ที่พบบ่อยและควรรู้ ควรจดจำสำหรับผู้เรียนภาษาอังกฤษทั้งในระดับเริ่มต้นและระดับกลาง รวมศัพท์กว่า 11,000 คำ คำอธิบายกระชับ ชัดเจน ถูกต้อง เข้าใจง่าย เพิ่มเติมศัพท์ทันสมัย เช่น camcorder, cardphone, interner, E-mail, ฯลฯ', 'cs9.jpg', 3),
(98, 'ศัพท์จีนที่คุณต้องรู้', ' สุ่ยหลิน', 'หนังสือเล่มนี้ได้รวบรวมเนื้อหาสำหรับผู้ที่สนใจเรียนภาษาจีนขั้นต้น โดยได้รวบรวมหมวดหมู่ของคำศัพท์ คำกริยา คำวิเศษณ์ ที่ใช้บ่อยในชีวิตประจำวัน พร้อมคำอ่านตามหลักการเทียบเสียงแบบพินอิน และคำแปลความหมาย แยกเป็นประเภทให้หาง่าย อ่านง่าย สะดวกต่อการใช้งานจริงในสถานการณ์ต่าง ๆ เพื่อช่วยเตรียมความพร้อมทั้งการเรียน การทำงาน การท่องเที่ยว หรือการทำธุรกิจ โดยจัดแบ่งเป็นหมวหมู่และใช้ภาษาง่าย ๆ ต่อการค้นคว้า เหมาะสำหรับนักเรียน นักศึกษา และผู้ที่สนใจเรียนรู้ภาษาจีนด้วยตัวเอง!', 'cs10.jpg', 3),
(101, '1', '1', '1', 'gr1.png', 2);

-- --------------------------------------------------------

--
-- Table structure for table `book_likes`
--

CREATE TABLE `book_likes` (
  `like_id` int(11) NOT NULL,
  `user_id` int(11) DEFAULT NULL,
  `book_id` int(11) DEFAULT NULL,
  `liked_at` timestamp NULL DEFAULT current_timestamp()
) ENGINE=InnoDB DEFAULT CHARSET=utf8mb4 COLLATE=utf8mb4_unicode_ci;

--
-- Dumping data for table `book_likes`
--

INSERT INTO `book_likes` (`like_id`, `user_id`, `book_id`, `liked_at`) VALUES
(5, 4, NULL, '2024-10-01 10:55:58'),
(6, 4, NULL, '2024-10-01 10:56:05'),
(7, 4, NULL, '2024-10-01 10:56:35'),
(8, 4, NULL, '2024-10-01 10:58:53'),
(9, 4, NULL, '2024-10-01 11:02:40'),
(10, 4, NULL, '2024-10-01 11:02:43'),
(11, 4, NULL, '2024-10-01 11:02:45'),
(38, 8, 28, '2024-10-02 05:54:15'),
(76, 12, 80, '2024-10-05 13:49:29'),
(77, 12, 40, '2024-10-05 13:51:47'),
(78, 12, 27, '2024-10-05 13:52:54'),
(79, 12, 49, '2024-10-05 13:53:08'),
(81, 12, 55, '2024-10-05 13:53:23'),
(83, 12, 46, '2024-10-05 13:54:17'),
(93, 24, 27, '2024-10-08 02:50:18'),
(94, 25, 27, '2024-10-08 07:48:58'),
(95, 28, 69, '2024-10-13 13:04:18'),
(98, 30, 93, '2024-10-17 05:54:18'),
(99, 30, 73, '2024-10-17 05:54:41'),
(101, 5, 53, '2024-11-03 01:59:18'),
(102, 5, 72, '2024-11-15 23:14:49'),
(104, 13, 59, '2024-11-20 14:05:11'),
(105, 13, 28, '2024-11-20 14:05:15'),
(106, 13, 31, '2024-11-20 14:05:23'),
(107, 13, 34, '2024-11-20 14:05:27'),
(108, 13, 35, '2024-11-20 14:05:36'),
(111, 27, 30, '2024-12-11 13:13:04');

-- --------------------------------------------------------

--
-- Table structure for table `categories`
--

CREATE TABLE `categories` (
  `category_id` int(11) NOT NULL,
  `category_name` varchar(100) NOT NULL
) ENGINE=InnoDB DEFAULT CHARSET=utf8mb4 COLLATE=utf8mb4_unicode_ci;

--
-- Dumping data for table `categories`
--

INSERT INTO `categories` (`category_id`, `category_name`) VALUES
(1, 'Action & Adventure'),
(2, 'Anime & Manga'),
(3, 'Classics'),
(4, 'Comedy'),
(5, 'Drama'),
(6, 'Horror'),
(7, 'Science Fiction & Fantasy');

-- --------------------------------------------------------

--
-- Table structure for table `tbl_city`
--

CREATE TABLE `tbl_city` (
  `CityID` int(11) NOT NULL,
  `CityName` varchar(100) NOT NULL
) ENGINE=InnoDB DEFAULT CHARSET=utf8mb4 COLLATE=utf8mb4_unicode_ci;

--
-- Dumping data for table `tbl_city`
--

INSERT INTO `tbl_city` (`CityID`, `CityName`) VALUES
(1, 'กรุงเทพมหานคร'),
(2, 'สมุทรปราการ'),
(3, 'นนทบุรี'),
(4, 'ปทุมธานี'),
(5, 'พระนครศรีอยุธยา'),
(6, 'อ่างทอง'),
(7, 'ลพบุรี'),
(8, 'สิงห์บุรี'),
(9, 'ชัยนาท'),
(10, 'สระบุรี'),
(11, 'ชลบุรี'),
(12, 'ระยอง'),
(13, 'จันทบุรี'),
(14, 'ตราด'),
(15, 'ฉะเชิงเทรา'),
(16, 'ปราจีนบุรี'),
(17, 'นครนายก'),
(18, 'สระแก้ว'),
(19, 'นครราชสีมา'),
(20, 'บุรีรัมย์'),
(21, 'สุรินทร์'),
(22, 'ศรีสะเกษ'),
(23, 'อุบลราชธานี'),
(24, 'ยโสธร'),
(25, 'ชัยภูมิ'),
(26, 'อำนาจเจริญ'),
(27, 'หนองบัวลำภู'),
(28, 'ขอนแก่น'),
(29, 'อุดรธานี'),
(30, 'เลย'),
(31, 'หนองคาย'),
(32, 'มหาสารคาม'),
(33, 'ร้อยเอ็ด'),
(34, 'กาฬสินธุ์'),
(35, 'สกลนคร'),
(36, 'นครพนม'),
(37, 'มุกดาหาร'),
(38, 'เชียงใหม่'),
(39, 'ลำพูน'),
(40, 'ลำปาง'),
(41, 'อุตรดิตถ์'),
(42, 'แพร่'),
(43, 'น่าน'),
(44, 'พะเยา'),
(45, 'เชียงราย'),
(46, 'แม่ฮ่องสอน'),
(47, 'นครสวรรค์'),
(48, 'อุทัยธานี'),
(49, 'กำแพงเพชร'),
(50, 'ตาก'),
(51, 'สุโขทัย'),
(52, 'พิษณุโลก'),
(53, 'พิจิตร'),
(54, 'เพชรบูรณ์'),
(55, 'ราชบุรี'),
(56, 'กาญจนบุรี'),
(57, 'สุพรรณบุรี'),
(58, 'นครปฐม'),
(59, 'สมุทรสาคร'),
(60, 'สมุทรสงคราม'),
(61, 'เพชรบุรี'),
(62, 'ประจวบคีรีขันธ์'),
(63, 'นครศรีธรรมราช'),
(64, 'กระบี่'),
(65, 'พังงา'),
(66, 'ภูเก็ต'),
(67, 'สุราษฎร์ธานี'),
(68, 'ระนอง'),
(69, 'ชุมพร'),
(70, 'สงขลา'),
(71, 'สตูล'),
(72, 'ตรัง'),
(73, 'พัทลุง'),
(74, 'ปัตตานี'),
(75, 'ยะลา'),
(76, 'นราธิวาส');

-- --------------------------------------------------------

--
-- Table structure for table `tbl_department`
--

CREATE TABLE `tbl_department` (
  `DeptID` int(11) NOT NULL,
  `Department` varchar(100) NOT NULL
) ENGINE=InnoDB DEFAULT CHARSET=utf8mb4 COLLATE=utf8mb4_unicode_ci;

--
-- Dumping data for table `tbl_department`
--

INSERT INTO `tbl_department` (`DeptID`, `Department`) VALUES
(1, 'วิทยาการคอมพิวเตอร์'),
(2, 'วิทย์ข้อมูล'),
(3, 'วิทยาศาสตร์สิ่งแวดล้อม'),
(4, 'เครื่องสำอาง และ การชะลอวัย');

-- --------------------------------------------------------

--
-- Table structure for table `tbl_hobby`
--

CREATE TABLE `tbl_hobby` (
  `HobbyID` int(11) NOT NULL,
  `HobbyName` varchar(100) NOT NULL,
  `HobbyNameEN` varchar(100) NOT NULL
) ENGINE=InnoDB DEFAULT CHARSET=utf8mb4 COLLATE=utf8mb4_unicode_ci;

--
-- Dumping data for table `tbl_hobby`
--

INSERT INTO `tbl_hobby` (`HobbyID`, `HobbyName`, `HobbyNameEN`) VALUES
(1, 'อ่านหนังสือ ', 'read a book'),
(2, 'ฟังเพลง', 'listen to music'),
(3, 'ท่องเที่ยว', 'travel'),
(4, 'เล่นกีฬา', 'sports'),
(5, 'ดูหนัง', 'Watch a movie'),
(6, 'เขียนโค้ด', 'Write code'),
(7, 'ทำอาหาร', 'Cook'),
(8, 'วาดรูป', 'drawing'),
(9, 'เล่นดนตรี', 'play music'),
(10, 'ออกกำลังกาย', 'exercise');

-- --------------------------------------------------------

--
-- Table structure for table `tbl_prefixes`
--

CREATE TABLE `tbl_prefixes` (
  `PrefixID` int(11) NOT NULL,
  `PrefixTH` varchar(10) NOT NULL,
  `PrefixEN` varchar(10) NOT NULL
) ENGINE=InnoDB DEFAULT CHARSET=utf8mb4 COLLATE=utf8mb4_unicode_ci;

--
-- Dumping data for table `tbl_prefixes`
--

INSERT INTO `tbl_prefixes` (`PrefixID`, `PrefixTH`, `PrefixEN`) VALUES
(1, 'นาย', 'Mr'),
(2, 'นางสาว', 'Ms'),
(3, 'นาง', 'Mrs');

-- --------------------------------------------------------

--
-- Table structure for table `tbl_student`
--

CREATE TABLE `tbl_student` (
  `SID` int(11) NOT NULL,
  `PrefixID` int(11) NOT NULL,
  `StudentName` varchar(20) NOT NULL,
  `StudentLastname` varchar(30) NOT NULL,
  `StudentNameEN` varchar(20) NOT NULL,
  `StudentLastnameEN` varchar(30) NOT NULL,
  `Age` int(2) NOT NULL,
  `DepID` int(11) NOT NULL,
  `Address` varchar(100) NOT NULL,
  `Domicile` varchar(100) NOT NULL,
  `Telephone` varchar(15) NOT NULL,
  `SubjectID` int(11) NOT NULL,
  `CityID` int(11) NOT NULL,
  `yearID` int(11) NOT NULL
) ENGINE=InnoDB DEFAULT CHARSET=utf8mb4 COLLATE=utf8mb4_unicode_ci;

--
-- Dumping data for table `tbl_student`
--

INSERT INTO `tbl_student` (`SID`, `PrefixID`, `StudentName`, `StudentLastname`, `StudentNameEN`, `StudentLastnameEN`, `Age`, `DepID`, `Address`, `Domicile`, `Telephone`, `SubjectID`, `CityID`, `yearID`) VALUES
(115, 1, 'นวภัทร', 'ทรัพย์ปรีชา', 'Nawapat', 'Sabpreecha', 22, 1, '12170', 'Thai', '0956807308', 5, 12, 1),
(123, 1, 'วิทวัช', 'มูฒู่', 'witatsa', 'sfagew', 24, 3, '1178/896', 'THAI', '023782544', 5, 1, 3),
(212, 1, 'จิจิ', 'นะจ๊ะ', 'JAJA', 'kiki', 24, 1, '178/472', 'Thai', '0956807304', 6, 15, 1),
(213, 1, 'ฟหก', 'กอกอ', 'dgd', 'dgdfg', 24, 1, '178/472', 'Thai', '0956807304', 5, 15, 1),
(216, 2, 'ฟหกฟหก', 'กอกอหก', 'dgdjj', 'dgdfgjj', 88, 1, '178/472', 'Thai', '0956807304', 5, 15, 1),
(219, 1, 'ฐานทัต', 'ปิติทัศน์ ', 'Thantat', 'Pititat', 32, 1, '12170', 'Thai', '0956807308', 5, 1, 1),
(224, 1, 'วิทวัช', 'โคตะลุต', 'Witthawat', 'Khotalut', 21, 1, '12170', 'Thai', '0956807304', 5, 1, 3),
(302, 1, 'น้องสา', 'น้องเป็ด', 'Nongsa', 'Nongped', 12, 3, '984/871', 'Thai', '020222222', 5, 13, 3),
(321, 2, 'คำมี', 'สีตุ่ม', 'Cumee', 'Sheetum', 25, 2, '14/95', 'Thai', '0659632015', 8, 17, 4),
(325, 1, 'วิทวัช', 'มูฒู่', 'witatsa', 'sfagew', 24, 1, '1178/896', 'THAI', '0245685231', 1, 15, 1),
(333, 1, 'ฆ', 'ก', 'dvgdfg', 'faaafa', 8, 1, 'hdfgdf', 'Thai', '0886554391', 1, 29, 1),
(358, 1, 'กอกี่', 'กี่ก่า', 'Gorgy', 'Gyka', 30, 3, '225/20', 'Thai', '0145254302', 5, 17, 3),
(664, 1, 'น้ำบูดู', 'ดูใบ', 'BooDoo', 'Doobai', 88, 1, 'ดูใบ', 'Thai', '1223548751', 4, 1, 1),
(666, 2, 'กอไก่', 'ขอไข่', 'gg', 'gg', 35, 2, '52/95', 'Thai', '055992659', 8, 10, 3);

-- --------------------------------------------------------

--
-- Table structure for table `tbl_StudentHobby`
--

CREATE TABLE `tbl_StudentHobby` (
  `SID` int(11) NOT NULL,
  `HobbyID` int(11) NOT NULL
) ENGINE=InnoDB DEFAULT CHARSET=utf8mb4 COLLATE=utf8mb4_unicode_ci;

--
-- Dumping data for table `tbl_StudentHobby`
--

INSERT INTO `tbl_StudentHobby` (`SID`, `HobbyID`) VALUES
(115, 3),
(115, 6),
(123, 3),
(123, 5),
(212, 4),
(212, 6),
(212, 8),
(213, 4),
(213, 7),
(213, 8),
(216, 4),
(216, 7),
(216, 8),
(219, 3),
(219, 10),
(224, 2),
(224, 5),
(302, 3),
(302, 4),
(321, 1),
(321, 2),
(325, 1),
(333, 4),
(358, 7),
(358, 8),
(664, 1),
(664, 6),
(666, 7),
(666, 8),
(666, 10);

-- --------------------------------------------------------

--
-- Table structure for table `tbl_subject`
--

CREATE TABLE `tbl_subject` (
  `SubjectID` int(11) NOT NULL,
  `Subject` varchar(100) NOT NULL
) ENGINE=InnoDB DEFAULT CHARSET=utf8mb4 COLLATE=utf8mb4_unicode_ci;

--
-- Dumping data for table `tbl_subject`
--

INSERT INTO `tbl_subject` (`SubjectID`, `Subject`) VALUES
(1, 'หลักสถิติ'),
(2, 'สัมนาการทางวิทยาศาสตร์'),
(3, 'ภาษาโปรแกรมทางเลือก'),
(4, 'ภาษาการเขียนโปรแกรม'),
(5, 'การเขียนโปรแกรมประยุกต์บนเว็บ'),
(6, 'แคลคูลัส'),
(7, 'อังกฤษ'),
(8, 'ไม่มี');

-- --------------------------------------------------------

--
-- Table structure for table `tbl_years`
--

CREATE TABLE `tbl_years` (
  `YearID` int(11) NOT NULL,
  `Year` varchar(100) NOT NULL
) ENGINE=InnoDB DEFAULT CHARSET=utf8mb4 COLLATE=utf8mb4_unicode_ci;

--
-- Dumping data for table `tbl_years`
--

INSERT INTO `tbl_years` (`YearID`, `Year`) VALUES
(1, 'ปี 1'),
(2, 'ปี 2'),
(3, 'ปี 3'),
(4, 'ปี 4');

-- --------------------------------------------------------

--
-- Table structure for table `users`
--

CREATE TABLE `users` (
  `user_id` int(11) NOT NULL,
  `email` varchar(255) NOT NULL,
  `first_name` varchar(100) NOT NULL,
  `last_name` varchar(100) NOT NULL,
  `username` varchar(100) NOT NULL,
  `password` varchar(255) NOT NULL,
  `profile_image` varchar(255) DEFAULT NULL,
  `created_at` timestamp NULL DEFAULT current_timestamp(),
  `role` varchar(10) DEFAULT 'user'
) ENGINE=InnoDB DEFAULT CHARSET=utf8mb4 COLLATE=utf8mb4_unicode_ci;

--
-- Dumping data for table `users`
--

INSERT INTO `users` (`user_id`, `email`, `first_name`, `last_name`, `username`, `password`, `profile_image`, `created_at`, `role`) VALUES
(1, 'Witthawat-kh@rmutp.ac.th', 'Witthawat', 'Khotalut', 'Banky', '$2y$10$r.6.uUY0j.JRbIxg3czNOeRiYas.a4mj3ZkU5S2YbOyta9a9v7jci', 'Screenshot 2024-05-18 204329.png', '2024-09-30 16:02:15', 'user'),
(2, 'bankvittavat@gmail.com', 'Witthawat', 'Khotalut', 'Bonk', '$2y$10$9zcXVeHj9MSWdCGbnwuCaeaha.CQhTe.5lv65O1tSkMP/LIklBAMa', 'Screenshot 2024-07-05 130545.png', '2024-09-30 16:06:17', 'user'),
(3, 'Witthawat@gmail.com', 'Salawut', 'Jajoy', 'Milina', '$2y$10$Fkp7pcENWutZZucUKln1Me7Y8N9TEVqL.lnd3Kied3dXROdg0vdtu', 'Screenshot 2024-02-22 000741.png', '2024-09-30 16:29:44', 'user'),
(4, 'vittavat104@gmail.com', 'Witthawat', 'Khotalut', 'Mayom', '$2y$10$ke23SzpbCSuQD.j8nW0Z0.eZMLko/t4FmieZyuuHUnyEJy3TKxSLK', 'Book3.jpg', '2024-10-01 08:44:07', 'user'),
(5, 'Admin@gmail.com', 'Admin', 'Admin', 'Admin', '$2y$10$C1G/u2Z/VQ.PELAZ4sYMoer8KdGi4twp3g8mMq9SwDDAlDW3v.rH.', 'Screenshot 2024-02-23 015341.png', '2024-10-01 09:38:26', 'admin'),
(6, 'jankhiawsupanida@gmail.com', 'Supanida', 'Jankhiaw', 'Caneemmo', '$2y$10$urZlYdbAxjrhNVkpKGrCkOhQOH/uEzbRgyi548SP8clUuA64qwm3m', 'IMG_0790.png', '2024-10-02 05:01:02', 'user'),
(8, 'sunrisedefup@gmail.com', 'Bubu', 'Bumbim', 'Pakq', '$2y$10$SGVJunMIiM7OkRglnXsfL.C/jAkWkG35W2owahrn6ujI9xggyFY6W', 'IMG_9135.png', '2024-10-02 05:27:30', 'user'),
(9, 'thipthanya0879@gmail.com', 'Thipthanya ', 'Uthaipradit ', 'ปลาทูza0078', '$2y$10$NSUs7wZq.5ZHrSBS0oJED.rzQGX.K7HtbYuDoLCa04pcMb1X5gDTK', '4DB9C43E-5C24-4A69-903B-FE4A5868074D.jpeg', '2024-10-02 06:27:44', 'user'),
(10, 'balabenxisme@gmail.com', 'Tiraporn', 'benz', 'acnrenz', '$2y$10$G5Xc/XN9vtAsGSo588r93e1IpHKxJpZHGpp.MPYCNHPfVABa9olki', 'ภาพหน้าจอ (256).png', '2024-10-02 12:28:11', 'user'),
(11, 'ssss@gmail.com', 'Salawut', 'Jajoy', 'gaga', '$2y$10$n3WSpkGxtKCXtnAEIOAdWu0oJfFj09K0rcka43O3QNQ/6cAETrmrO', 'Screenshot 2024-02-14 010713.png', '2024-10-05 10:15:58', 'user'),
(12, 'thipthanya-u@rmutp.ac.th', 'Fern', 'Uthaipradit', 'eieiza', '$2y$10$wUJM7BhrruQfSOH4Godse.bAjWvhE6tkkSrUyy57wuHF5wWZnU0u6', 'สกรีนช็อต 2024-09-21 001756.png', '2024-10-05 13:47:29', 'user'),
(13, 'a@gmail.com', 'abb', 'abb', 'a', '$2y$10$GLILYSDnMCcLe11nsfmNDOp1JIi8JMz/NODwGYK61ZLN70PALTSVG', 'Screenshot 2024-02-22 000741.png', '2024-10-05 16:32:18', 'user'),
(15, 'dd@gmail.com', 'dd', 'dd', 'dd', '$2y$10$gMKRUaDSgBzag6ePVds93uqRH86KipwpHKRVsA3Q8eBvS0/cOZkES', NULL, '2024-10-06 07:24:28', 'user'),
(16, 'ss@gmail.com', 'ss', 'ss', 'ss', '$2y$10$2i42graiZHI/tqPQUCTew.7W2y8R7cnjkuqKijXan0HTKEeZVoMua', NULL, '2024-10-06 07:30:21', 'user'),
(17, 'zz@gmail.com', 'zz', 'zz', 'zz', '$2y$10$U.ozt8kU7eLMQ1htHkUZaOmEw8XD4KTU998nyUwQrQCRlleq0Ccu.', NULL, '2024-10-06 07:33:26', 'user'),
(18, 'zzz@gmail.com', 'zzz', 'zzz', 'zzzz', '$2y$10$ylm00xSEP55dNQwV.X2u1en21SIBtGaGN6akM3.ZVslVjjv/LktnS', NULL, '2024-10-06 07:34:45', 'user'),
(21, 'a@gmail.com', 'Aa', 'A', 'Puchana', '$2y$10$eSd7INEUK1g2z2cc2APRBeS4URUrm2zdQ4yAnplI6K8HPpH5UneqG', NULL, '2024-10-08 02:31:42', 'user'),
(23, 'as@gmail.com', 'Aa', 'Aa', 'Aa', '$2y$10$JKtpf8I5mUtDxsNyzalt1.Cj6.08wgDIKMrbbeTO33QQSVNVwMXAa', NULL, '2024-10-08 02:39:35', 'user'),
(24, 'pop123@gmail.com', 'Pop', 'Pol', 'Pool', '$2y$10$YoiSISex0BYCzQ9/DJPNKumoT5ZjUKN//83.fKojCoGkINcOnvxCq', NULL, '2024-10-08 02:46:45', 'user'),
(25, 'deemeesri456@gmail.com', 'Tawan', 'Deemeesri', 'tidyumbs16', '$2y$10$HfXInL/r9gYeUr7dkxtju.6CmcdvZaw.7wSdhtdTVdyARwR88EXaa', NULL, '2024-10-08 07:47:43', 'user'),
(26, 'jinnychalida@gmail.com', 'chaaaaa', 'lidaaaaa', 'jinny', '$2y$10$fz2fcZPR1oYZPwPiFBEYUOxt7OwdChDMfx.IidzHCvJSrGMRJ1DIe', NULL, '2024-10-09 16:58:52', 'user'),
(27, 'ADMIN1@gamil.com', 'ADMIN1', 'ADMIN1', 'ADMIN1', '$2y$10$jBTbIzDyOrjRMU6H0Aa.F.uxih9m9fD1hqsu61Bs8N.TFLs/tBp2e', NULL, '2024-10-13 12:41:27', 'admin'),
(28, 'User1@gmail.com', 'User1', 'User1', 'User1', '$2y$10$.rN4JHbVDjy12AjI0F1JXu3kO9qo5f/yBe/6osvySAyeYncfIKmV.', NULL, '2024-10-13 12:43:04', 'user'),
(29, 'bb@gmail.com', 'bb', 'bb', 'bb', '$2y$10$0qO.z7VIJ9YPBff9r0wcqOGTp8NEn.Ar.krDM4OKS2OgvLar.kNHy', NULL, '2024-10-15 12:34:27', 'user'),
(30, '1@1', '1', '1', '1', '$2y$10$zw0VkX/2p7Ip63Hu6ETCauE8IhZ.TpdioZoUowNedKs5MSRHzzG9u', NULL, '2024-10-17 05:53:48', 'user'),
(32, 'tawanwick@gmail.com', 'Younggun', 'Deemeesri', 'suyshine99', '$2y$10$WXBhoSPOXSBQshpVcK5iVealKYf5jBo6bSS2E8cOBhODfHLYHtgSK', NULL, '2024-12-09 17:20:52', 'user');

-- --------------------------------------------------------

--
-- Table structure for table `user_images`
--

CREATE TABLE `user_images` (
  `image_id` int(11) NOT NULL,
  `user_id` int(11) NOT NULL,
  `image_path` varchar(255) NOT NULL,
  `uploaded_at` timestamp NULL DEFAULT current_timestamp()
) ENGINE=InnoDB DEFAULT CHARSET=utf8mb4 COLLATE=utf8mb4_unicode_ci;

--
-- Dumping data for table `user_images`
--

INSERT INTO `user_images` (`image_id`, `user_id`, `image_path`, `uploaded_at`) VALUES
(1, 13, 'Screenshot 2024-03-02 062816.png', '2024-10-05 16:32:18'),
(2, 5, 'Screenshot 2024-05-03 020037.png', '2024-10-06 05:20:31'),
(4, 15, 'userimg/Screenshot 2024-01-31 234358.png', '2024-10-06 07:24:28'),
(5, 16, 'Screenshot 2024-01-25 173024.png', '2024-10-06 07:30:21'),
(6, 17, 'userimg/333.png', '2024-10-06 07:33:26'),
(7, 18, 'Screenshot 2024-01-31 025749.png', '2024-10-06 07:34:45'),
(8, 21, 'image.jpg', '2024-10-08 02:31:42'),
(9, 23, '17283551632803425095213275184030.jpg', '2024-10-08 02:39:35'),
(10, 24, 'instc 2567-10-07 150609.899.jpeg', '2024-10-08 02:46:45'),
(11, 26, 'Script.png', '2024-10-09 16:58:52'),
(12, 27, 'itachi-uchiha-sharingan-crow-akatsuki-hd-wallpaper-uhdpaper.com-294@2@a.jpg', '2024-10-13 12:41:27'),
(13, 28, 'tanjiro-demon-slayer-kimetsu-no-yaiba-hd-wallpaper-uhdpaper.com-254@2@a.jpg', '2024-10-13 12:43:04'),
(14, 29, '83dba5ea741cbcb0139d990e51dbf61d.jpg', '2024-10-15 12:34:27'),
(15, 30, 'gr2.png', '2024-10-17 05:53:48');

--
-- Indexes for dumped tables
--

--
-- Indexes for table `books`
--
ALTER TABLE `books`
  ADD PRIMARY KEY (`book_id`),
  ADD KEY `category_id` (`category_id`);

--
-- Indexes for table `book_likes`
--
ALTER TABLE `book_likes`
  ADD PRIMARY KEY (`like_id`),
  ADD KEY `user_id` (`user_id`),
  ADD KEY `book_id` (`book_id`);

--
-- Indexes for table `categories`
--
ALTER TABLE `categories`
  ADD PRIMARY KEY (`category_id`);

--
-- Indexes for table `tbl_city`
--
ALTER TABLE `tbl_city`
  ADD PRIMARY KEY (`CityID`);

--
-- Indexes for table `tbl_department`
--
ALTER TABLE `tbl_department`
  ADD PRIMARY KEY (`DeptID`);

--
-- Indexes for table `tbl_hobby`
--
ALTER TABLE `tbl_hobby`
  ADD PRIMARY KEY (`HobbyID`);

--
-- Indexes for table `tbl_prefixes`
--
ALTER TABLE `tbl_prefixes`
  ADD PRIMARY KEY (`PrefixID`);

--
-- Indexes for table `tbl_student`
--
ALTER TABLE `tbl_student`
  ADD PRIMARY KEY (`SID`),
  ADD KEY `PrefixID` (`PrefixID`),
  ADD KEY `DepID` (`DepID`),
  ADD KEY `SubjectID` (`SubjectID`),
  ADD KEY `CityID` (`CityID`),
  ADD KEY `yearID` (`yearID`);

--
-- Indexes for table `tbl_StudentHobby`
--
ALTER TABLE `tbl_StudentHobby`
  ADD PRIMARY KEY (`SID`,`HobbyID`),
  ADD KEY `HobbyID` (`HobbyID`);

--
-- Indexes for table `tbl_subject`
--
ALTER TABLE `tbl_subject`
  ADD PRIMARY KEY (`SubjectID`);

--
-- Indexes for table `tbl_years`
--
ALTER TABLE `tbl_years`
  ADD PRIMARY KEY (`YearID`);

--
-- Indexes for table `users`
--
ALTER TABLE `users`
  ADD PRIMARY KEY (`user_id`),
  ADD UNIQUE KEY `username` (`username`);

--
-- Indexes for table `user_images`
--
ALTER TABLE `user_images`
  ADD PRIMARY KEY (`image_id`),
  ADD KEY `user_id` (`user_id`);

--
-- AUTO_INCREMENT for dumped tables
--

--
-- AUTO_INCREMENT for table `books`
--
ALTER TABLE `books`
  MODIFY `book_id` int(11) NOT NULL AUTO_INCREMENT, AUTO_INCREMENT=102;

--
-- AUTO_INCREMENT for table `book_likes`
--
ALTER TABLE `book_likes`
  MODIFY `like_id` int(11) NOT NULL AUTO_INCREMENT, AUTO_INCREMENT=112;

--
-- AUTO_INCREMENT for table `categories`
--
ALTER TABLE `categories`
  MODIFY `category_id` int(11) NOT NULL AUTO_INCREMENT, AUTO_INCREMENT=8;

--
-- AUTO_INCREMENT for table `tbl_city`
--
ALTER TABLE `tbl_city`
  MODIFY `CityID` int(11) NOT NULL AUTO_INCREMENT, AUTO_INCREMENT=77;

--
-- AUTO_INCREMENT for table `tbl_department`
--
ALTER TABLE `tbl_department`
  MODIFY `DeptID` int(11) NOT NULL AUTO_INCREMENT, AUTO_INCREMENT=26;

--
-- AUTO_INCREMENT for table `tbl_hobby`
--
ALTER TABLE `tbl_hobby`
  MODIFY `HobbyID` int(11) NOT NULL AUTO_INCREMENT, AUTO_INCREMENT=11;

--
-- AUTO_INCREMENT for table `tbl_prefixes`
--
ALTER TABLE `tbl_prefixes`
  MODIFY `PrefixID` int(11) NOT NULL AUTO_INCREMENT, AUTO_INCREMENT=4;

--
-- AUTO_INCREMENT for table `tbl_student`
--
ALTER TABLE `tbl_student`
  MODIFY `SID` int(11) NOT NULL AUTO_INCREMENT, AUTO_INCREMENT=4254;

--
-- AUTO_INCREMENT for table `tbl_subject`
--
ALTER TABLE `tbl_subject`
  MODIFY `SubjectID` int(11) NOT NULL AUTO_INCREMENT, AUTO_INCREMENT=9;

--
-- AUTO_INCREMENT for table `tbl_years`
--
ALTER TABLE `tbl_years`
  MODIFY `YearID` int(11) NOT NULL AUTO_INCREMENT, AUTO_INCREMENT=5;

--
-- AUTO_INCREMENT for table `users`
--
ALTER TABLE `users`
  MODIFY `user_id` int(11) NOT NULL AUTO_INCREMENT, AUTO_INCREMENT=33;

--
-- AUTO_INCREMENT for table `user_images`
--
ALTER TABLE `user_images`
  MODIFY `image_id` int(11) NOT NULL AUTO_INCREMENT, AUTO_INCREMENT=16;

--
-- Constraints for dumped tables
--

--
-- Constraints for table `books`
--
ALTER TABLE `books`
  ADD CONSTRAINT `books_ibfk_1` FOREIGN KEY (`category_id`) REFERENCES `categories` (`category_id`) ON DELETE SET NULL;

--
-- Constraints for table `book_likes`
--
ALTER TABLE `book_likes`
  ADD CONSTRAINT `book_likes_ibfk_1` FOREIGN KEY (`user_id`) REFERENCES `users` (`user_id`) ON DELETE CASCADE,
  ADD CONSTRAINT `book_likes_ibfk_2` FOREIGN KEY (`book_id`) REFERENCES `books` (`book_id`) ON DELETE CASCADE;

--
-- Constraints for table `tbl_student`
--
ALTER TABLE `tbl_student`
  ADD CONSTRAINT `tbl_student_ibfk_1` FOREIGN KEY (`PrefixID`) REFERENCES `tbl_prefixes` (`PrefixID`),
  ADD CONSTRAINT `tbl_student_ibfk_2` FOREIGN KEY (`DepID`) REFERENCES `tbl_department` (`DeptID`),
  ADD CONSTRAINT `tbl_student_ibfk_3` FOREIGN KEY (`SubjectID`) REFERENCES `tbl_subject` (`SubjectID`),
  ADD CONSTRAINT `tbl_student_ibfk_4` FOREIGN KEY (`CityID`) REFERENCES `tbl_city` (`CityID`),
  ADD CONSTRAINT `tbl_student_ibfk_5` FOREIGN KEY (`yearID`) REFERENCES `tbl_years` (`YearID`);

--
-- Constraints for table `tbl_StudentHobby`
--
ALTER TABLE `tbl_StudentHobby`
  ADD CONSTRAINT `tbl_StudentHobby_ibfk_1` FOREIGN KEY (`HobbyID`) REFERENCES `tbl_hobby` (`HobbyID`),
  ADD CONSTRAINT `tbl_StudentHobby_ibfk_2` FOREIGN KEY (`SID`) REFERENCES `tbl_student` (`SID`);

--
-- Constraints for table `user_images`
--
ALTER TABLE `user_images`
  ADD CONSTRAINT `user_images_ibfk_1` FOREIGN KEY (`user_id`) REFERENCES `users` (`user_id`) ON DELETE CASCADE;
COMMIT;

/*!40101 SET CHARACTER_SET_CLIENT=@OLD_CHARACTER_SET_CLIENT */;
/*!40101 SET CHARACTER_SET_RESULTS=@OLD_CHARACTER_SET_RESULTS */;
/*!40101 SET COLLATION_CONNECTION=@OLD_COLLATION_CONNECTION */;
